IDIndikator;skrIndikator;IDTer;nTer;God+Mes;nVrTacka;nProizvod;IDVrPod;nVrPod;Vrednost;IDStatusPodatka;nStatusPodatka;IDStatusPoverljivosti;nStatusPoverljivosti;IDJedinicaMere;nJedinicaMere
130102IND01;Biljna prizvodnja, od 2005;RS11;Beogradski region;201000;2010;Pšenica;1;požnjevena površina, ha / rodna površina, ha;33256;A;Konačan podatak;F;Slobodan za objavlјivanje;;
130102IND01;Biljna prizvodnja, od 2005;RS11;Beogradski region;201000;2010;Pšenica;2;ukupan prinos, t;111077;A;Konačan podatak;F;Slobodan za objavlјivanje;;
130102IND01;Biljna prizvodnja, od 2005;RS11;Beogradski region;201000;2010;Pšenica;3;prinos, t/ha;3.3;A;Konačan podatak;F;Slobodan za objavlјivanje;;
130102IND01;Biljna prizvodnja, od 2005;RS11;Beogradski region;201000;2010;Ječam;1;požnjevena površina, ha / rodna površina, ha;7297;A;Konačan podatak;F;Slobodan za objavlјivanje;;
130102IND01;Biljna prizvodnja, od 2005;RS11;Beogradski region;201000;2010;Ječam;2;ukupan prinos, t;23371;A;Konačan podatak;F;Slobodan za objavlјivanje;;
130102IND01;Biljna prizvodnja, od 2005;RS11;Beogradski region;201000;2010;Ječam;3;prinos, t/ha;3.2;A;Konačan podatak;F;Slobodan za objavlјivanje;;
130102IND01;Biljna prizvodnja, od 2005;RS11;Beogradski region;201000;2010;Kukuruz;1;požnjevena površina, ha / rodna površina, ha;43090;A;Konačan podatak;F;Slobodan za objavlјivanje;;
130102IND01;Biljna prizvodnja, od 2005;RS11;Beogradski region;201000;2010;Kukuruz;2;ukupan prinos, t;259374;A;Konačan podatak;F;Slobodan za objavlјivanje;;
130102IND01;Biljna prizvodnja, od 2005;RS11;Beogradski region;201000;2010;Kukuruz;3;prinos, t/ha;6.0;A;Konačan podatak;F;Slobodan za objavlјivanje;;
130102IND01;Biljna prizvodnja, od 2005;RS11;Beogradski region;201100;2011;Pšenica;1;požnjevena površina, ha / rodna površina, ha;34538;A;Konačan podatak;F;Slobodan za objavlјivanje;;
130102IND01;Biljna prizvodnja, od 2005;RS11;Beogradski region;201100;2011;Pšenica;2;ukupan prinos, t;147400;A;Konačan podatak;F;Slobodan za objavlјivanje;;
130102IND01;Biljna prizvodnja, od 2005;RS11;Beogradski region;201100;2011;Pšenica;3;prinos, t/ha;4.3;A;Konačan podatak;F;Slobodan za objavlјivanje;;
130102IND01;Biljna prizvodnja, od 2005;RS11;Beogradski region;201100;2011;Ječam;1;požnjevena površina, ha / rodna površina, ha;7176;A;Konačan podatak;F;Slobodan za objavlјivanje;;
130102IND01;Biljna prizvodnja, od 2005;RS11;Beogradski region;201100;2011;Ječam;2;ukupan prinos, t;28485;A;Konačan podatak;F;Slobodan za objavlјivanje;;
130102IND01;Biljna prizvodnja, od 2005;RS11;Beogradski region;201100;2011;Ječam;3;prinos, t/ha;4.0;A;Konačan podatak;F;Slobodan za objavlјivanje;;
130102IND01;Biljna prizvodnja, od 2005;RS11;Beogradski region;201100;2011;Kukuruz;1;požnjevena površina, ha / rodna površina, ha;43319;A;Konačan podatak;F;Slobodan za objavlјivanje;;
130102IND01;Biljna prizvodnja, od 2005;RS11;Beogradski region;201100;2011;Kukuruz;2;ukupan prinos, t;223526;A;Konačan podatak;F;Slobodan za objavlјivanje;;
130102IND01;Biljna prizvodnja, od 2005;RS11;Beogradski region;201100;2011;Kukuruz;3;prinos, t/ha;5.2;A;Konačan podatak;F;Slobodan za objavlјivanje;;
130102IND01;Biljna prizvodnja, od 2005;RS11;Beogradski region;201200;2012;Pšenica;1;požnjevena površina, ha / rodna površina, ha;32216;A;Konačan podatak;F;Slobodan za objavlјivanje;;
130102IND01;Biljna prizvodnja, od 2005;RS11;Beogradski region;201200;2012;Pšenica;2;ukupan prinos, t;125473;A;Konačan podatak;F;Slobodan za objavlјivanje;;
130102IND01;Biljna prizvodnja, od 2005;RS11;Beogradski region;201200;2012;Pšenica;3;prinos, t/ha;3.9;A;Konačan podatak;F;Slobodan za objavlјivanje;;
130102IND01;Biljna prizvodnja, od 2005;RS11;Beogradski region;201200;2012;Ječam;1;požnjevena površina, ha / rodna površina, ha;6548;A;Konačan podatak;F;Slobodan za objavlјivanje;;
130102IND01;Biljna prizvodnja, od 2005;RS11;Beogradski region;201200;2012;Ječam;2;ukupan prinos, t;23436;A;Konačan podatak;F;Slobodan za objavlјivanje;;
130102IND01;Biljna prizvodnja, od 2005;RS11;Beogradski region;201200;2012;Ječam;3;prinos, t/ha;3.6;A;Konačan podatak;F;Slobodan za objavlјivanje;;
130102IND01;Biljna prizvodnja, od 2005;RS11;Beogradski region;201200;2012;Kukuruz;1;požnjevena površina, ha / rodna površina, ha;41754;A;Konačan podatak;F;Slobodan za objavlјivanje;;
130102IND01;Biljna prizvodnja, od 2005;RS11;Beogradski region;201200;2012;Kukuruz;2;ukupan prinos, t;114193;A;Konačan podatak;F;Slobodan za objavlјivanje;;
130102IND01;Biljna prizvodnja, od 2005;RS11;Beogradski region;201200;2012;Kukuruz;3;prinos, t/ha;2.7;A;Konačan podatak;F;Slobodan za objavlјivanje;;
130102IND01;Biljna prizvodnja, od 2005;RS11;Beogradski region;201300;2013;Pšenica;1;požnjevena površina, ha / rodna površina, ha;30140;A;Konačan podatak;F;Slobodan za objavlјivanje;;
130102IND01;Biljna prizvodnja, od 2005;RS11;Beogradski region;201300;2013;Pšenica;2;ukupan prinos, t;126235;A;Konačan podatak;F;Slobodan za objavlјivanje;;
130102IND01;Biljna prizvodnja, od 2005;RS11;Beogradski region;201300;2013;Pšenica;3;prinos, t/ha;4.2;A;Konačan podatak;F;Slobodan za objavlјivanje;;
130102IND01;Biljna prizvodnja, od 2005;RS11;Beogradski region;201300;2013;Ječam;1;požnjevena površina, ha / rodna površina, ha;7170;A;Konačan podatak;F;Slobodan za objavlјivanje;;
130102IND01;Biljna prizvodnja, od 2005;RS11;Beogradski region;201300;2013;Ječam;2;ukupan prinos, t;29478;A;Konačan podatak;F;Slobodan za objavlјivanje;;
130102IND01;Biljna prizvodnja, od 2005;RS11;Beogradski region;201300;2013;Ječam;3;prinos, t/ha;4.1;A;Konačan podatak;F;Slobodan za objavlјivanje;;
130102IND01;Biljna prizvodnja, od 2005;RS11;Beogradski region;201300;2013;Kukuruz;1;požnjevena površina, ha / rodna površina, ha;43516;A;Konačan podatak;F;Slobodan za objavlјivanje;;
130102IND01;Biljna prizvodnja, od 2005;RS11;Beogradski region;201300;2013;Kukuruz;2;ukupan prinos, t;215452;A;Konačan podatak;F;Slobodan za objavlјivanje;;
130102IND01;Biljna prizvodnja, od 2005;RS11;Beogradski region;201300;2013;Kukuruz;3;prinos, t/ha;5.0;A;Konačan podatak;F;Slobodan za objavlјivanje;;
130102IND01;Biljna prizvodnja, od 2005;RS11;Beogradski region;201400;2014;Pšenica;1;požnjevena površina, ha / rodna površina, ha;28857;A;Konačan podatak;F;Slobodan za objavlјivanje;;
130102IND01;Biljna prizvodnja, od 2005;RS11;Beogradski region;201400;2014;Pšenica;2;ukupan prinos, t;112014;A;Konačan podatak;F;Slobodan za objavlјivanje;;
130102IND01;Biljna prizvodnja, od 2005;RS11;Beogradski region;201400;2014;Pšenica;3;prinos, t/ha;3.9;A;Konačan podatak;F;Slobodan za objavlјivanje;;
130102IND01;Biljna prizvodnja, od 2005;RS11;Beogradski region;201400;2014;Ječam;1;požnjevena površina, ha / rodna površina, ha;7183;A;Konačan podatak;F;Slobodan za objavlјivanje;;
130102IND01;Biljna prizvodnja, od 2005;RS11;Beogradski region;201400;2014;Ječam;2;ukupan prinos, t;26310;A;Konačan podatak;F;Slobodan za objavlјivanje;;
130102IND01;Biljna prizvodnja, od 2005;RS11;Beogradski region;201400;2014;Ječam;3;prinos, t/ha;3.7;A;Konačan podatak;F;Slobodan za objavlјivanje;;
130102IND01;Biljna prizvodnja, od 2005;RS11;Beogradski region;201400;2014;Kukuruz;1;požnjevena površina, ha / rodna površina, ha;46958;A;Konačan podatak;F;Slobodan za objavlјivanje;;
130102IND01;Biljna prizvodnja, od 2005;RS11;Beogradski region;201400;2014;Kukuruz;2;ukupan prinos, t;292132;A;Konačan podatak;F;Slobodan za objavlјivanje;;
130102IND01;Biljna prizvodnja, od 2005;RS11;Beogradski region;201400;2014;Kukuruz;3;prinos, t/ha;6.2;A;Konačan podatak;F;Slobodan za objavlјivanje;;
130102IND01;Biljna prizvodnja, od 2005;RS11;Beogradski region;201500;2015;Pšenica;1;požnjevena površina, ha / rodna površina, ha;28934;A;Konačan podatak;F;Slobodan za objavlјivanje;;
130102IND01;Biljna prizvodnja, od 2005;RS11;Beogradski region;201500;2015;Pšenica;2;ukupan prinos, t;110111;A;Konačan podatak;F;Slobodan za objavlјivanje;;
130102IND01;Biljna prizvodnja, od 2005;RS11;Beogradski region;201500;2015;Pšenica;3;prinos, t/ha;3.8;A;Konačan podatak;F;Slobodan za objavlјivanje;;
130102IND01;Biljna prizvodnja, od 2005;RS11;Beogradski region;201500;2015;Ječam;1;požnjevena površina, ha / rodna površina, ha;6466;A;Konačan podatak;F;Slobodan za objavlјivanje;;
130102IND01;Biljna prizvodnja, od 2005;RS11;Beogradski region;201500;2015;Ječam;2;ukupan prinos, t;25322;A;Konačan podatak;F;Slobodan za objavlјivanje;;
130102IND01;Biljna prizvodnja, od 2005;RS11;Beogradski region;201500;2015;Ječam;3;prinos, t/ha;3.9;A;Konačan podatak;F;Slobodan za objavlјivanje;;
130102IND01;Biljna prizvodnja, od 2005;RS11;Beogradski region;201500;2015;Kukuruz;1;požnjevena površina, ha / rodna površina, ha;43724;A;Konačan podatak;F;Slobodan za objavlјivanje;;
130102IND01;Biljna prizvodnja, od 2005;RS11;Beogradski region;201500;2015;Kukuruz;2;ukupan prinos, t;223998;A;Konačan podatak;F;Slobodan za objavlјivanje;;
130102IND01;Biljna prizvodnja, od 2005;RS11;Beogradski region;201500;2015;Kukuruz;3;prinos, t/ha;5.1;A;Konačan podatak;F;Slobodan za objavlјivanje;;
130102IND01;Biljna prizvodnja, od 2005;RS11;Beogradski region;201600;2016;Pšenica;1;požnjevena površina, ha / rodna površina, ha;29136;A;Konačan podatak;F;Slobodan za objavlјivanje;;
130102IND01;Biljna prizvodnja, od 2005;RS11;Beogradski region;201600;2016;Pšenica;2;ukupan prinos, t;126981;A;Konačan podatak;F;Slobodan za objavlјivanje;;
130102IND01;Biljna prizvodnja, od 2005;RS11;Beogradski region;201600;2016;Pšenica;3;prinos, t/ha;4.4;A;Konačan podatak;F;Slobodan za objavlјivanje;;
130102IND01;Biljna prizvodnja, od 2005;RS11;Beogradski region;201600;2016;Ječam;1;požnjevena površina, ha / rodna površina, ha;5024;A;Konačan podatak;F;Slobodan za objavlјivanje;;
130102IND01;Biljna prizvodnja, od 2005;RS11;Beogradski region;201600;2016;Ječam;2;ukupan prinos, t;21357;A;Konačan podatak;F;Slobodan za objavlјivanje;;
130102IND01;Biljna prizvodnja, od 2005;RS11;Beogradski region;201600;2016;Ječam;3;prinos, t/ha;4.3;A;Konačan podatak;F;Slobodan za objavlјivanje;;
130102IND01;Biljna prizvodnja, od 2005;RS11;Beogradski region;201600;2016;Kukuruz;1;požnjevena površina, ha / rodna površina, ha;43023;A;Konačan podatak;F;Slobodan za objavlјivanje;;
130102IND01;Biljna prizvodnja, od 2005;RS11;Beogradski region;201600;2016;Kukuruz;2;ukupan prinos, t;259041;A;Konačan podatak;F;Slobodan za objavlјivanje;;
130102IND01;Biljna prizvodnja, od 2005;RS11;Beogradski region;201600;2016;Kukuruz;3;prinos, t/ha;6.0;A;Konačan podatak;F;Slobodan za objavlјivanje;;
130102IND01;Biljna prizvodnja, od 2005;RS11;Beogradski region;201700;2017;Pšenica;1;požnjevena površina, ha / rodna površina, ha;25283;A;Konačan podatak;F;Slobodan za objavlјivanje;;
130102IND01;Biljna prizvodnja, od 2005;RS11;Beogradski region;201700;2017;Pšenica;2;ukupan prinos, t;90766;A;Konačan podatak;F;Slobodan za objavlјivanje;;
130102IND01;Biljna prizvodnja, od 2005;RS11;Beogradski region;201700;2017;Pšenica;3;prinos, t/ha;3.6;A;Konačan podatak;F;Slobodan za objavlјivanje;;
130102IND01;Biljna prizvodnja, od 2005;RS11;Beogradski region;201700;2017;Ječam;1;požnjevena površina, ha / rodna površina, ha;5076;A;Konačan podatak;F;Slobodan za objavlјivanje;;
130102IND01;Biljna prizvodnja, od 2005;RS11;Beogradski region;201700;2017;Ječam;2;ukupan prinos, t;18240;A;Konačan podatak;F;Slobodan za objavlјivanje;;
130102IND01;Biljna prizvodnja, od 2005;RS11;Beogradski region;201700;2017;Ječam;3;prinos, t/ha;3.6;A;Konačan podatak;F;Slobodan za objavlјivanje;;
130102IND01;Biljna prizvodnja, od 2005;RS11;Beogradski region;201700;2017;Kukuruz;1;požnjevena površina, ha / rodna površina, ha;40317;A;Konačan podatak;F;Slobodan za objavlјivanje;;
130102IND01;Biljna prizvodnja, od 2005;RS11;Beogradski region;201700;2017;Kukuruz;2;ukupan prinos, t;136763;A;Konačan podatak;F;Slobodan za objavlјivanje;;
130102IND01;Biljna prizvodnja, od 2005;RS11;Beogradski region;201700;2017;Kukuruz;3;prinos, t/ha;3.4;A;Konačan podatak;F;Slobodan za objavlјivanje;;
130102IND01;Biljna prizvodnja, od 2005;RS11;Beogradski region;201800;2018;Pšenica;1;požnjevena površina, ha / rodna površina, ha;31063;A;Konačan podatak;F;Slobodan za objavlјivanje;;
130102IND01;Biljna prizvodnja, od 2005;RS11;Beogradski region;201800;2018;Pšenica;2;ukupan prinos, t;121304;A;Konačan podatak;F;Slobodan za objavlјivanje;;
130102IND01;Biljna prizvodnja, od 2005;RS11;Beogradski region;201800;2018;Pšenica;3;prinos, t/ha;3.9;A;Konačan podatak;F;Slobodan za objavlјivanje;;
130102IND01;Biljna prizvodnja, od 2005;RS11;Beogradski region;201800;2018;Ječam;1;požnjevena površina, ha / rodna površina, ha;7883;A;Konačan podatak;F;Slobodan za objavlјivanje;;
130102IND01;Biljna prizvodnja, od 2005;RS11;Beogradski region;201800;2018;Ječam;2;ukupan prinos, t;29309;A;Konačan podatak;F;Slobodan za objavlјivanje;;
130102IND01;Biljna prizvodnja, od 2005;RS11;Beogradski region;201800;2018;Ječam;3;prinos, t/ha;3.7;A;Konačan podatak;F;Slobodan za objavlјivanje;;
130102IND01;Biljna prizvodnja, od 2005;RS11;Beogradski region;201800;2018;Kukuruz;1;požnjevena površina, ha / rodna površina, ha;32769;A;Konačan podatak;F;Slobodan za objavlјivanje;;
130102IND01;Biljna prizvodnja, od 2005;RS11;Beogradski region;201800;2018;Kukuruz;2;ukupan prinos, t;213319;A;Konačan podatak;F;Slobodan za objavlјivanje;;
130102IND01;Biljna prizvodnja, od 2005;RS11;Beogradski region;201800;2018;Kukuruz;3;prinos, t/ha;6.5;A;Konačan podatak;F;Slobodan za objavlјivanje;;
130102IND01;Biljna prizvodnja, od 2005;RS11;Beogradski region;201900;2019;Pšenica;1;požnjevena površina, ha / rodna površina, ha;29513;A;Konačan podatak;F;Slobodan za objavlјivanje;;
130102IND01;Biljna prizvodnja, od 2005;RS11;Beogradski region;201900;2019;Pšenica;2;ukupan prinos, t;112006;A;Konačan podatak;F;Slobodan za objavlјivanje;;
130102IND01;Biljna prizvodnja, od 2005;RS11;Beogradski region;201900;2019;Pšenica;3;prinos, t/ha;3.8;A;Konačan podatak;F;Slobodan za objavlјivanje;;
130102IND01;Biljna prizvodnja, od 2005;RS11;Beogradski region;201900;2019;Ječam;1;požnjevena površina, ha / rodna površina, ha;7362;A;Konačan podatak;F;Slobodan za objavlјivanje;;
130102IND01;Biljna prizvodnja, od 2005;RS11;Beogradski region;201900;2019;Ječam;2;ukupan prinos, t;25816;A;Konačan podatak;F;Slobodan za objavlјivanje;;
130102IND01;Biljna prizvodnja, od 2005;RS11;Beogradski region;201900;2019;Ječam;3;prinos, t/ha;3.5;A;Konačan podatak;F;Slobodan za objavlјivanje;;
130102IND01;Biljna prizvodnja, od 2005;RS11;Beogradski region;201900;2019;Kukuruz;1;požnjevena površina, ha / rodna površina, ha;37838;A;Konačan podatak;F;Slobodan za objavlјivanje;;
130102IND01;Biljna prizvodnja, od 2005;RS11;Beogradski region;201900;2019;Kukuruz;2;ukupan prinos, t;242541;A;Konačan podatak;F;Slobodan za objavlјivanje;;
130102IND01;Biljna prizvodnja, od 2005;RS11;Beogradski region;201900;2019;Kukuruz;3;prinos, t/ha;6.4;A;Konačan podatak;F;Slobodan za objavlјivanje;;
130102IND01;Biljna prizvodnja, od 2005;RS11;Beogradski region;202000;2020;Pšenica;1;požnjevena površina, ha / rodna površina, ha;27718;A;Konačan podatak;F;Slobodan za objavlјivanje;;
130102IND01;Biljna prizvodnja, od 2005;RS11;Beogradski region;202000;2020;Pšenica;2;ukupan prinos, t;134737;A;Konačan podatak;F;Slobodan za objavlјivanje;;
130102IND01;Biljna prizvodnja, od 2005;RS11;Beogradski region;202000;2020;Pšenica;3;prinos, t/ha;4.9;A;Konačan podatak;F;Slobodan za objavlјivanje;;
130102IND01;Biljna prizvodnja, od 2005;RS11;Beogradski region;202000;2020;Ječam;1;požnjevena površina, ha / rodna površina, ha;8630;A;Konačan podatak;F;Slobodan za objavlјivanje;;
130102IND01;Biljna prizvodnja, od 2005;RS11;Beogradski region;202000;2020;Ječam;2;ukupan prinos, t;39439;A;Konačan podatak;F;Slobodan za objavlјivanje;;
130102IND01;Biljna prizvodnja, od 2005;RS11;Beogradski region;202000;2020;Ječam;3;prinos, t/ha;4.6;A;Konačan podatak;F;Slobodan za objavlјivanje;;
130102IND01;Biljna prizvodnja, od 2005;RS11;Beogradski region;202000;2020;Kukuruz;1;požnjevena površina, ha / rodna površina, ha;40740;A;Konačan podatak;F;Slobodan za objavlјivanje;;
130102IND01;Biljna prizvodnja, od 2005;RS11;Beogradski region;202000;2020;Kukuruz;2;ukupan prinos, t;309340;A;Konačan podatak;F;Slobodan za objavlјivanje;;
130102IND01;Biljna prizvodnja, od 2005;RS11;Beogradski region;202000;2020;Kukuruz;3;prinos, t/ha;7.6;A;Konačan podatak;F;Slobodan za objavlјivanje;;
130102IND01;Biljna prizvodnja, od 2005;RS11;Beogradski region;202100;2021;Pšenica;1;požnjevena površina, ha / rodna površina, ha;29676;A;Konačan podatak;F;Slobodan za objavlјivanje;;
130102IND01;Biljna prizvodnja, od 2005;RS11;Beogradski region;202100;2021;Pšenica;2;ukupan prinos, t;171705;A;Konačan podatak;F;Slobodan za objavlјivanje;;
130102IND01;Biljna prizvodnja, od 2005;RS11;Beogradski region;202100;2021;Pšenica;3;prinos, t/ha;5.8;A;Konačan podatak;F;Slobodan za objavlјivanje;;
130102IND01;Biljna prizvodnja, od 2005;RS11;Beogradski region;202100;2021;Ječam;1;požnjevena površina, ha / rodna površina, ha;7483;A;Konačan podatak;F;Slobodan za objavlјivanje;;
130102IND01;Biljna prizvodnja, od 2005;RS11;Beogradski region;202100;2021;Ječam;2;ukupan prinos, t;41254;A;Konačan podatak;F;Slobodan za objavlјivanje;;
130102IND01;Biljna prizvodnja, od 2005;RS11;Beogradski region;202100;2021;Ječam;3;prinos, t/ha;5.5;A;Konačan podatak;F;Slobodan za objavlјivanje;;
130102IND01;Biljna prizvodnja, od 2005;RS11;Beogradski region;202100;2021;Kukuruz;1;požnjevena površina, ha / rodna površina, ha;39918;A;Konačan podatak;F;Slobodan za objavlјivanje;;
130102IND01;Biljna prizvodnja, od 2005;RS11;Beogradski region;202100;2021;Kukuruz;2;ukupan prinos, t;236235;A;Konačan podatak;F;Slobodan za objavlјivanje;;
130102IND01;Biljna prizvodnja, od 2005;RS11;Beogradski region;202100;2021;Kukuruz;3;prinos, t/ha;5.9;A;Konačan podatak;F;Slobodan za objavlјivanje;;
130102IND01;Biljna prizvodnja, od 2005;RS11;Beogradski region;202200;2022;Pšenica;1;požnjevena površina, ha / rodna površina, ha;32174;A;Konačan podatak;F;Slobodan za objavlјivanje;;
130102IND01;Biljna prizvodnja, od 2005;RS11;Beogradski region;202200;2022;Pšenica;2;ukupan prinos, t;160996;A;Konačan podatak;F;Slobodan za objavlјivanje;;
130102IND01;Biljna prizvodnja, od 2005;RS11;Beogradski region;202200;2022;Pšenica;3;prinos, t/ha;5.0;A;Konačan podatak;F;Slobodan za objavlјivanje;;
130102IND01;Biljna prizvodnja, od 2005;RS11;Beogradski region;202200;2022;Ječam;1;požnjevena površina, ha / rodna površina, ha;7402;A;Konačan podatak;F;Slobodan za objavlјivanje;;
130102IND01;Biljna prizvodnja, od 2005;RS11;Beogradski region;202200;2022;Ječam;2;ukupan prinos, t;34190;A;Konačan podatak;F;Slobodan za objavlјivanje;;
130102IND01;Biljna prizvodnja, od 2005;RS11;Beogradski region;202200;2022;Ječam;3;prinos, t/ha;4.6;A;Konačan podatak;F;Slobodan za objavlјivanje;;
130102IND01;Biljna prizvodnja, od 2005;RS11;Beogradski region;202200;2022;Kukuruz;1;požnjevena površina, ha / rodna površina, ha;36414;A;Konačan podatak;F;Slobodan za objavlјivanje;;
130102IND01;Biljna prizvodnja, od 2005;RS11;Beogradski region;202200;2022;Kukuruz;2;ukupan prinos, t;173404;A;Konačan podatak;F;Slobodan za objavlјivanje;;
130102IND01;Biljna prizvodnja, od 2005;RS11;Beogradski region;202200;2022;Kukuruz;3;prinos, t/ha;4.8;A;Konačan podatak;F;Slobodan za objavlјivanje;;
130102IND01;Biljna prizvodnja, od 2005;RS11;Beogradski region;202300;2023;Pšenica;1;požnjevena površina, ha / rodna površina, ha;34105;A;Konačan podatak;F;Slobodan za objavlјivanje;;
130102IND01;Biljna prizvodnja, od 2005;RS11;Beogradski region;202300;2023;Pšenica;2;ukupan prinos, t;164215;A;Konačan podatak;F;Slobodan za objavlјivanje;;
130102IND01;Biljna prizvodnja, od 2005;RS11;Beogradski region;202300;2023;Pšenica;3;prinos, t/ha;4.8;A;Konačan podatak;F;Slobodan za objavlјivanje;;
130102IND01;Biljna prizvodnja, od 2005;RS11;Beogradski region;202300;2023;Ječam;1;požnjevena površina, ha / rodna površina, ha;7607;A;Konačan podatak;F;Slobodan za objavlјivanje;;
130102IND01;Biljna prizvodnja, od 2005;RS11;Beogradski region;202300;2023;Ječam;2;ukupan prinos, t;35674;A;Konačan podatak;F;Slobodan za objavlјivanje;;
130102IND01;Biljna prizvodnja, od 2005;RS11;Beogradski region;202300;2023;Ječam;3;prinos, t/ha;4.7;A;Konačan podatak;F;Slobodan za objavlјivanje;;
130102IND01;Biljna prizvodnja, od 2005;RS11;Beogradski region;202300;2023;Kukuruz;1;požnjevena površina, ha / rodna površina, ha;35573;A;Konačan podatak;F;Slobodan za objavlјivanje;;
130102IND01;Biljna prizvodnja, od 2005;RS11;Beogradski region;202300;2023;Kukuruz;2;ukupan prinos, t;216319;A;Konačan podatak;F;Slobodan za objavlјivanje;;
130102IND01;Biljna prizvodnja, od 2005;RS11;Beogradski region;202300;2023;Kukuruz;3;prinos, t/ha;6.1;A;Konačan podatak;F;Slobodan za objavlјivanje;;
130102IND01;Biljna prizvodnja, od 2005;RS11;Beogradski region;202400;2024;Pšenica;1;požnjevena površina, ha / rodna površina, ha;29027;A;Konačan podatak;F;Slobodan za objavlјivanje;;
130102IND01;Biljna prizvodnja, od 2005;RS11;Beogradski region;202400;2024;Pšenica;2;ukupan prinos, t;159910;A;Konačan podatak;F;Slobodan za objavlјivanje;;
130102IND01;Biljna prizvodnja, od 2005;RS11;Beogradski region;202400;2024;Pšenica;3;prinos, t/ha;5.5;A;Konačan podatak;F;Slobodan za objavlјivanje;;
130102IND01;Biljna prizvodnja, od 2005;RS11;Beogradski region;202400;2024;Ječam;1;požnjevena površina, ha / rodna površina, ha;7038;A;Konačan podatak;F;Slobodan za objavlјivanje;;
130102IND01;Biljna prizvodnja, od 2005;RS11;Beogradski region;202400;2024;Ječam;2;ukupan prinos, t;34611;A;Konačan podatak;F;Slobodan za objavlјivanje;;
130102IND01;Biljna prizvodnja, od 2005;RS11;Beogradski region;202400;2024;Ječam;3;prinos, t/ha;4.9;A;Konačan podatak;F;Slobodan za objavlјivanje;;
130102IND01;Biljna prizvodnja, od 2005;RS11;Beogradski region;202400;2024;Kukuruz;1;požnjevena površina, ha / rodna površina, ha;40015;A;Konačan podatak;F;Slobodan za objavlјivanje;;
130102IND01;Biljna prizvodnja, od 2005;RS11;Beogradski region;202400;2024;Kukuruz;2;ukupan prinos, t;201996;A;Konačan podatak;F;Slobodan za objavlјivanje;;
130102IND01;Biljna prizvodnja, od 2005;RS11;Beogradski region;202400;2024;Kukuruz;3;prinos, t/ha;5.0;A;Konačan podatak;F;Slobodan za objavlјivanje;;
130102IND01;Biljna prizvodnja, od 2005;RS11;Beogradski region;202500;2025;Pšenica;1;požnjevena površina, ha / rodna površina, ha;32164;A;Konačan podatak;F;Slobodan za objavlјivanje;;
130102IND01;Biljna prizvodnja, od 2005;RS11;Beogradski region;202500;2025;Pšenica;2;ukupan prinos, t;186498;A;Konačan podatak;F;Slobodan za objavlјivanje;;
130102IND01;Biljna prizvodnja, od 2005;RS11;Beogradski region;202500;2025;Pšenica;3;prinos, t/ha;5.8;A;Konačan podatak;F;Slobodan za objavlјivanje;;
130102IND01;Biljna prizvodnja, od 2005;RS11;Beogradski region;202500;2025;Ječam;1;požnjevena površina, ha / rodna površina, ha;7138;A;Konačan podatak;F;Slobodan za objavlјivanje;;
130102IND01;Biljna prizvodnja, od 2005;RS11;Beogradski region;202500;2025;Ječam;2;ukupan prinos, t;35740;A;Konačan podatak;F;Slobodan za objavlјivanje;;
130102IND01;Biljna prizvodnja, od 2005;RS11;Beogradski region;202500;2025;Ječam;3;prinos, t/ha;5.0;A;Konačan podatak;F;Slobodan za objavlјivanje;;
130102IND01;Biljna prizvodnja, od 2005;RS11;Beogradski region;202500;2025;Kukuruz;1;požnjevena površina, ha / rodna površina, ha;38476;A;Konačan podatak;F;Slobodan za objavlјivanje;;
130102IND01;Biljna prizvodnja, od 2005;RS11;Beogradski region;202500;2025;Kukuruz;2;ukupan prinos, t;180796;A;Konačan podatak;F;Slobodan za objavlјivanje;;
130102IND01;Biljna prizvodnja, od 2005;RS11;Beogradski region;202500;2025;Kukuruz;3;prinos, t/ha;4.7;A;Konačan podatak;F;Slobodan za objavlјivanje;;
130102IND01;Biljna prizvodnja, od 2005;RS12;Region Vojvodine;201000;2010;Pšenica;1;požnjevena površina, ha / rodna površina, ha;310810;A;Konačan podatak;F;Slobodan za objavlјivanje;;
130102IND01;Biljna prizvodnja, od 2005;RS12;Region Vojvodine;201000;2010;Pšenica;2;ukupan prinos, t;1156398;A;Konačan podatak;F;Slobodan za objavlјivanje;;
130102IND01;Biljna prizvodnja, od 2005;RS12;Region Vojvodine;201000;2010;Pšenica;3;prinos, t/ha;3.7;A;Konačan podatak;F;Slobodan za objavlјivanje;;
130102IND01;Biljna prizvodnja, od 2005;RS12;Region Vojvodine;201000;2010;Ječam;1;požnjevena površina, ha / rodna površina, ha;38067;A;Konačan podatak;F;Slobodan za objavlјivanje;;
130102IND01;Biljna prizvodnja, od 2005;RS12;Region Vojvodine;201000;2010;Ječam;2;ukupan prinos, t;125130;A;Konačan podatak;F;Slobodan za objavlјivanje;;
130102IND01;Biljna prizvodnja, od 2005;RS12;Region Vojvodine;201000;2010;Ječam;3;prinos, t/ha;3.3;A;Konačan podatak;F;Slobodan za objavlјivanje;;
130102IND01;Biljna prizvodnja, od 2005;RS12;Region Vojvodine;201000;2010;Kukuruz;1;požnjevena površina, ha / rodna površina, ha;576512;A;Konačan podatak;F;Slobodan za objavlјivanje;;
130102IND01;Biljna prizvodnja, od 2005;RS12;Region Vojvodine;201000;2010;Kukuruz;2;ukupan prinos, t;4688778;A;Konačan podatak;F;Slobodan za objavlјivanje;;
130102IND01;Biljna prizvodnja, od 2005;RS12;Region Vojvodine;201000;2010;Kukuruz;3;prinos, t/ha;8.1;A;Konačan podatak;F;Slobodan za objavlјivanje;;
130102IND01;Biljna prizvodnja, od 2005;RS12;Region Vojvodine;201100;2011;Pšenica;1;požnjevena površina, ha / rodna površina, ha;304273;A;Konačan podatak;F;Slobodan za objavlјivanje;;
130102IND01;Biljna prizvodnja, od 2005;RS12;Region Vojvodine;201100;2011;Pšenica;2;ukupan prinos, t;1483291;A;Konačan podatak;F;Slobodan za objavlјivanje;;
130102IND01;Biljna prizvodnja, od 2005;RS12;Region Vojvodine;201100;2011;Pšenica;3;prinos, t/ha;4.9;A;Konačan podatak;F;Slobodan za objavlјivanje;;
130102IND01;Biljna prizvodnja, od 2005;RS12;Region Vojvodine;201100;2011;Ječam;1;požnjevena površina, ha / rodna površina, ha;31726;A;Konačan podatak;F;Slobodan za objavlјivanje;;
130102IND01;Biljna prizvodnja, od 2005;RS12;Region Vojvodine;201100;2011;Ječam;2;ukupan prinos, t;139250;A;Konačan podatak;F;Slobodan za objavlјivanje;;
130102IND01;Biljna prizvodnja, od 2005;RS12;Region Vojvodine;201100;2011;Ječam;3;prinos, t/ha;4.4;A;Konačan podatak;F;Slobodan za objavlјivanje;;
130102IND01;Biljna prizvodnja, od 2005;RS12;Region Vojvodine;201100;2011;Kukuruz;1;požnjevena površina, ha / rodna površina, ha;604078;A;Konačan podatak;F;Slobodan za objavlјivanje;;
130102IND01;Biljna prizvodnja, od 2005;RS12;Region Vojvodine;201100;2011;Kukuruz;2;ukupan prinos, t;4404542;A;Konačan podatak;F;Slobodan za objavlјivanje;;
130102IND01;Biljna prizvodnja, od 2005;RS12;Region Vojvodine;201100;2011;Kukuruz;3;prinos, t/ha;7.3;A;Konačan podatak;F;Slobodan za objavlјivanje;;
130102IND01;Biljna prizvodnja, od 2005;RS12;Region Vojvodine;201200;2012;Pšenica;1;požnjevena površina, ha / rodna površina, ha;297942;A;Konačan podatak;F;Slobodan za objavlјivanje;;
130102IND01;Biljna prizvodnja, od 2005;RS12;Region Vojvodine;201200;2012;Pšenica;2;ukupan prinos, t;1334573;A;Konačan podatak;F;Slobodan za objavlјivanje;;
130102IND01;Biljna prizvodnja, od 2005;RS12;Region Vojvodine;201200;2012;Pšenica;3;prinos, t/ha;4.5;A;Konačan podatak;F;Slobodan za objavlјivanje;;
130102IND01;Biljna prizvodnja, od 2005;RS12;Region Vojvodine;201200;2012;Ječam;1;požnjevena površina, ha / rodna površina, ha;34276;A;Konačan podatak;F;Slobodan za objavlјivanje;;
130102IND01;Biljna prizvodnja, od 2005;RS12;Region Vojvodine;201200;2012;Ječam;2;ukupan prinos, t;139115;A;Konačan podatak;F;Slobodan za objavlјivanje;;
130102IND01;Biljna prizvodnja, od 2005;RS12;Region Vojvodine;201200;2012;Ječam;3;prinos, t/ha;4.1;A;Konačan podatak;F;Slobodan za objavlјivanje;;
130102IND01;Biljna prizvodnja, od 2005;RS12;Region Vojvodine;201200;2012;Kukuruz;1;požnjevena površina, ha / rodna površina, ha;578860;A;Konačan podatak;F;Slobodan za objavlјivanje;;
130102IND01;Biljna prizvodnja, od 2005;RS12;Region Vojvodine;201200;2012;Kukuruz;2;ukupan prinos, t;2283398;A;Konačan podatak;F;Slobodan za objavlјivanje;;
130102IND01;Biljna prizvodnja, od 2005;RS12;Region Vojvodine;201200;2012;Kukuruz;3;prinos, t/ha;3.9;A;Konačan podatak;F;Slobodan za objavlјivanje;;
130102IND01;Biljna prizvodnja, od 2005;RS12;Region Vojvodine;201300;2013;Pšenica;1;požnjevena površina, ha / rodna površina, ha;329916;A;Konačan podatak;F;Slobodan za objavlјivanje;;
130102IND01;Biljna prizvodnja, od 2005;RS12;Region Vojvodine;201300;2013;Pšenica;2;ukupan prinos, t;1617068;A;Konačan podatak;F;Slobodan za objavlјivanje;;
130102IND01;Biljna prizvodnja, od 2005;RS12;Region Vojvodine;201300;2013;Pšenica;3;prinos, t/ha;4.9;A;Konačan podatak;F;Slobodan za objavlјivanje;;
130102IND01;Biljna prizvodnja, od 2005;RS12;Region Vojvodine;201300;2013;Ječam;1;požnjevena površina, ha / rodna površina, ha;42150;A;Konačan podatak;F;Slobodan za objavlјivanje;;
130102IND01;Biljna prizvodnja, od 2005;RS12;Region Vojvodine;201300;2013;Ječam;2;ukupan prinos, t;198507;A;Konačan podatak;F;Slobodan za objavlјivanje;;
130102IND01;Biljna prizvodnja, od 2005;RS12;Region Vojvodine;201300;2013;Ječam;3;prinos, t/ha;4.7;A;Konačan podatak;F;Slobodan za objavlјivanje;;
130102IND01;Biljna prizvodnja, od 2005;RS12;Region Vojvodine;201300;2013;Kukuruz;1;požnjevena površina, ha / rodna površina, ha;565204;A;Konačan podatak;F;Slobodan za objavlјivanje;;
130102IND01;Biljna prizvodnja, od 2005;RS12;Region Vojvodine;201300;2013;Kukuruz;2;ukupan prinos, t;3954040;A;Konačan podatak;F;Slobodan za objavlјivanje;;
130102IND01;Biljna prizvodnja, od 2005;RS12;Region Vojvodine;201300;2013;Kukuruz;3;prinos, t/ha;7.0;A;Konačan podatak;F;Slobodan za objavlјivanje;;
130102IND01;Biljna prizvodnja, od 2005;RS12;Region Vojvodine;201400;2014;Pšenica;1;požnjevena površina, ha / rodna površina, ha;315870;A;Konačan podatak;F;Slobodan za objavlјivanje;;
130102IND01;Biljna prizvodnja, od 2005;RS12;Region Vojvodine;201400;2014;Pšenica;2;ukupan prinos, t;1434902;A;Konačan podatak;F;Slobodan za objavlјivanje;;
130102IND01;Biljna prizvodnja, od 2005;RS12;Region Vojvodine;201400;2014;Pšenica;3;prinos, t/ha;4.5;A;Konačan podatak;F;Slobodan za objavlјivanje;;
130102IND01;Biljna prizvodnja, od 2005;RS12;Region Vojvodine;201400;2014;Ječam;1;požnjevena površina, ha / rodna površina, ha;42225;A;Konačan podatak;F;Slobodan za objavlјivanje;;
130102IND01;Biljna prizvodnja, od 2005;RS12;Region Vojvodine;201400;2014;Ječam;2;ukupan prinos, t;177176;A;Konačan podatak;F;Slobodan za objavlјivanje;;
130102IND01;Biljna prizvodnja, od 2005;RS12;Region Vojvodine;201400;2014;Ječam;3;prinos, t/ha;4.2;A;Konačan podatak;F;Slobodan za objavlјivanje;;
130102IND01;Biljna prizvodnja, od 2005;RS12;Region Vojvodine;201400;2014;Kukuruz;1;požnjevena površina, ha / rodna površina, ha;609911;A;Konačan podatak;F;Slobodan za objavlјivanje;;
130102IND01;Biljna prizvodnja, od 2005;RS12;Region Vojvodine;201400;2014;Kukuruz;2;ukupan prinos, t;5361294;A;Konačan podatak;F;Slobodan za objavlјivanje;;
130102IND01;Biljna prizvodnja, od 2005;RS12;Region Vojvodine;201400;2014;Kukuruz;3;prinos, t/ha;8.8;A;Konačan podatak;F;Slobodan za objavlјivanje;;
130102IND01;Biljna prizvodnja, od 2005;RS12;Region Vojvodine;201500;2015;Pšenica;1;požnjevena površina, ha / rodna površina, ha;296832;A;Konačan podatak;F;Slobodan za objavlјivanje;;
130102IND01;Biljna prizvodnja, od 2005;RS12;Region Vojvodine;201500;2015;Pšenica;2;ukupan prinos, t;1449898;A;Konačan podatak;F;Slobodan za objavlјivanje;;
130102IND01;Biljna prizvodnja, od 2005;RS12;Region Vojvodine;201500;2015;Pšenica;3;prinos, t/ha;4.9;A;Konačan podatak;F;Slobodan za objavlјivanje;;
130102IND01;Biljna prizvodnja, od 2005;RS12;Region Vojvodine;201500;2015;Ječam;1;požnjevena površina, ha / rodna površina, ha;36975;A;Konačan podatak;F;Slobodan za objavlјivanje;;
130102IND01;Biljna prizvodnja, od 2005;RS12;Region Vojvodine;201500;2015;Ječam;2;ukupan prinos, t;162935;A;Konačan podatak;F;Slobodan za objavlјivanje;;
130102IND01;Biljna prizvodnja, od 2005;RS12;Region Vojvodine;201500;2015;Ječam;3;prinos, t/ha;4.4;A;Konačan podatak;F;Slobodan za objavlјivanje;;
130102IND01;Biljna prizvodnja, od 2005;RS12;Region Vojvodine;201500;2015;Kukuruz;1;požnjevena površina, ha / rodna površina, ha;574399;A;Konačan podatak;F;Slobodan za objavlјivanje;;
130102IND01;Biljna prizvodnja, od 2005;RS12;Region Vojvodine;201500;2015;Kukuruz;2;ukupan prinos, t;3359140;A;Konačan podatak;F;Slobodan za objavlјivanje;;
130102IND01;Biljna prizvodnja, od 2005;RS12;Region Vojvodine;201500;2015;Kukuruz;3;prinos, t/ha;5.8;A;Konačan podatak;F;Slobodan za objavlјivanje;;
130102IND01;Biljna prizvodnja, od 2005;RS12;Region Vojvodine;201600;2016;Pšenica;1;požnjevena površina, ha / rodna površina, ha;300051;A;Konačan podatak;F;Slobodan za objavlјivanje;;
130102IND01;Biljna prizvodnja, od 2005;RS12;Region Vojvodine;201600;2016;Pšenica;2;ukupan prinos, t;1775668;A;Konačan podatak;F;Slobodan za objavlјivanje;;
130102IND01;Biljna prizvodnja, od 2005;RS12;Region Vojvodine;201600;2016;Pšenica;3;prinos, t/ha;5.9;A;Konačan podatak;F;Slobodan za objavlјivanje;;
130102IND01;Biljna prizvodnja, od 2005;RS12;Region Vojvodine;201600;2016;Ječam;1;požnjevena površina, ha / rodna površina, ha;35440;A;Konačan podatak;F;Slobodan za objavlјivanje;;
130102IND01;Biljna prizvodnja, od 2005;RS12;Region Vojvodine;201600;2016;Ječam;2;ukupan prinos, t;177029;A;Konačan podatak;F;Slobodan za objavlјivanje;;
130102IND01;Biljna prizvodnja, od 2005;RS12;Region Vojvodine;201600;2016;Ječam;3;prinos, t/ha;5.0;A;Konačan podatak;F;Slobodan za objavlјivanje;;
130102IND01;Biljna prizvodnja, od 2005;RS12;Region Vojvodine;201600;2016;Kukuruz;1;požnjevena površina, ha / rodna površina, ha;571835;A;Konačan podatak;F;Slobodan za objavlјivanje;;
130102IND01;Biljna prizvodnja, od 2005;RS12;Region Vojvodine;201600;2016;Kukuruz;2;ukupan prinos, t;4845730;A;Konačan podatak;F;Slobodan za objavlјivanje;;
130102IND01;Biljna prizvodnja, od 2005;RS12;Region Vojvodine;201600;2016;Kukuruz;3;prinos, t/ha;8.5;A;Konačan podatak;F;Slobodan za objavlјivanje;;
130102IND01;Biljna prizvodnja, od 2005;RS12;Region Vojvodine;201700;2017;Pšenica;1;požnjevena površina, ha / rodna površina, ha;286449;A;Konačan podatak;F;Slobodan za objavlјivanje;;
130102IND01;Biljna prizvodnja, od 2005;RS12;Region Vojvodine;201700;2017;Pšenica;2;ukupan prinos, t;1353710;A;Konačan podatak;F;Slobodan za objavlјivanje;;
130102IND01;Biljna prizvodnja, od 2005;RS12;Region Vojvodine;201700;2017;Pšenica;3;prinos, t/ha;4.7;A;Konačan podatak;F;Slobodan za objavlјivanje;;
130102IND01;Biljna prizvodnja, od 2005;RS12;Region Vojvodine;201700;2017;Ječam;1;požnjevena površina, ha / rodna površina, ha;34378;A;Konačan podatak;F;Slobodan za objavlјivanje;;
130102IND01;Biljna prizvodnja, od 2005;RS12;Region Vojvodine;201700;2017;Ječam;2;ukupan prinos, t;145178;A;Konačan podatak;F;Slobodan za objavlјivanje;;
130102IND01;Biljna prizvodnja, od 2005;RS12;Region Vojvodine;201700;2017;Ječam;3;prinos, t/ha;4.2;A;Konačan podatak;F;Slobodan za objavlјivanje;;
130102IND01;Biljna prizvodnja, od 2005;RS12;Region Vojvodine;201700;2017;Kukuruz;1;požnjevena površina, ha / rodna površina, ha;568255;A;Konačan podatak;F;Slobodan za objavlјivanje;;
130102IND01;Biljna prizvodnja, od 2005;RS12;Region Vojvodine;201700;2017;Kukuruz;2;ukupan prinos, t;2645696;A;Konačan podatak;F;Slobodan za objavlјivanje;;
130102IND01;Biljna prizvodnja, od 2005;RS12;Region Vojvodine;201700;2017;Kukuruz;3;prinos, t/ha;4.7;A;Konačan podatak;F;Slobodan za objavlјivanje;;
130102IND01;Biljna prizvodnja, od 2005;RS12;Region Vojvodine;201800;2018;Pšenica;1;požnjevena površina, ha / rodna površina, ha;329507;A;Konačan podatak;F;Slobodan za objavlјivanje;;
130102IND01;Biljna prizvodnja, od 2005;RS12;Region Vojvodine;201800;2018;Pšenica;2;ukupan prinos, t;1796142;A;Konačan podatak;F;Slobodan za objavlјivanje;;
130102IND01;Biljna prizvodnja, od 2005;RS12;Region Vojvodine;201800;2018;Pšenica;3;prinos, t/ha;5.5;A;Konačan podatak;F;Slobodan za objavlјivanje;;
130102IND01;Biljna prizvodnja, od 2005;RS12;Region Vojvodine;201800;2018;Ječam;1;požnjevena površina, ha / rodna površina, ha;38456;A;Konačan podatak;F;Slobodan za objavlјivanje;;
130102IND01;Biljna prizvodnja, od 2005;RS12;Region Vojvodine;201800;2018;Ječam;2;ukupan prinos, t;171937;A;Konačan podatak;F;Slobodan za objavlјivanje;;
130102IND01;Biljna prizvodnja, od 2005;RS12;Region Vojvodine;201800;2018;Ječam;3;prinos, t/ha;4.5;A;Konačan podatak;F;Slobodan za objavlјivanje;;
130102IND01;Biljna prizvodnja, od 2005;RS12;Region Vojvodine;201800;2018;Kukuruz;1;požnjevena površina, ha / rodna površina, ha;517619;A;Konačan podatak;F;Slobodan za objavlјivanje;;
130102IND01;Biljna prizvodnja, od 2005;RS12;Region Vojvodine;201800;2018;Kukuruz;2;ukupan prinos, t;4657345;A;Konačan podatak;F;Slobodan za objavlјivanje;;
130102IND01;Biljna prizvodnja, od 2005;RS12;Region Vojvodine;201800;2018;Kukuruz;3;prinos, t/ha;9.0;A;Konačan podatak;F;Slobodan za objavlјivanje;;
130102IND01;Biljna prizvodnja, od 2005;RS12;Region Vojvodine;201900;2019;Pšenica;1;požnjevena površina, ha / rodna površina, ha;302429;A;Konačan podatak;F;Slobodan za objavlјivanje;;
130102IND01;Biljna prizvodnja, od 2005;RS12;Region Vojvodine;201900;2019;Pšenica;2;ukupan prinos, t;1529218;A;Konačan podatak;F;Slobodan za objavlјivanje;;
130102IND01;Biljna prizvodnja, od 2005;RS12;Region Vojvodine;201900;2019;Pšenica;3;prinos, t/ha;5.1;A;Konačan podatak;F;Slobodan za objavlјivanje;;
130102IND01;Biljna prizvodnja, od 2005;RS12;Region Vojvodine;201900;2019;Ječam;1;požnjevena površina, ha / rodna površina, ha;35750;A;Konačan podatak;F;Slobodan za objavlјivanje;;
130102IND01;Biljna prizvodnja, od 2005;RS12;Region Vojvodine;201900;2019;Ječam;2;ukupan prinos, t;155298;A;Konačan podatak;F;Slobodan za objavlјivanje;;
130102IND01;Biljna prizvodnja, od 2005;RS12;Region Vojvodine;201900;2019;Ječam;3;prinos, t/ha;4.3;A;Konačan podatak;F;Slobodan za objavlјivanje;;
130102IND01;Biljna prizvodnja, od 2005;RS12;Region Vojvodine;201900;2019;Kukuruz;1;požnjevena površina, ha / rodna površina, ha;545018;A;Konačan podatak;F;Slobodan za objavlјivanje;;
130102IND01;Biljna prizvodnja, od 2005;RS12;Region Vojvodine;201900;2019;Kukuruz;2;ukupan prinos, t;4775447;A;Konačan podatak;F;Slobodan za objavlјivanje;;
130102IND01;Biljna prizvodnja, od 2005;RS12;Region Vojvodine;201900;2019;Kukuruz;3;prinos, t/ha;8.8;A;Konačan podatak;F;Slobodan za objavlјivanje;;
130102IND01;Biljna prizvodnja, od 2005;RS12;Region Vojvodine;202000;2020;Pšenica;1;požnjevena površina, ha / rodna površina, ha;317204;A;Konačan podatak;F;Slobodan za objavlјivanje;;
130102IND01;Biljna prizvodnja, od 2005;RS12;Region Vojvodine;202000;2020;Pšenica;2;ukupan prinos, t;1650085;A;Konačan podatak;F;Slobodan za objavlјivanje;;
130102IND01;Biljna prizvodnja, od 2005;RS12;Region Vojvodine;202000;2020;Pšenica;3;prinos, t/ha;5.2;A;Konačan podatak;F;Slobodan za objavlјivanje;;
130102IND01;Biljna prizvodnja, od 2005;RS12;Region Vojvodine;202000;2020;Ječam;1;požnjevena površina, ha / rodna površina, ha;42732;A;Konačan podatak;F;Slobodan za objavlјivanje;;
130102IND01;Biljna prizvodnja, od 2005;RS12;Region Vojvodine;202000;2020;Ječam;2;ukupan prinos, t;207253;A;Konačan podatak;F;Slobodan za objavlјivanje;;
130102IND01;Biljna prizvodnja, od 2005;RS12;Region Vojvodine;202000;2020;Ječam;3;prinos, t/ha;4.9;A;Konačan podatak;F;Slobodan za objavlјivanje;;
130102IND01;Biljna prizvodnja, od 2005;RS12;Region Vojvodine;202000;2020;Kukuruz;1;požnjevena površina, ha / rodna površina, ha;569556;A;Konačan podatak;F;Slobodan za objavlјivanje;;
130102IND01;Biljna prizvodnja, od 2005;RS12;Region Vojvodine;202000;2020;Kukuruz;2;ukupan prinos, t;4772803;A;Konačan podatak;F;Slobodan za objavlјivanje;;
130102IND01;Biljna prizvodnja, od 2005;RS12;Region Vojvodine;202000;2020;Kukuruz;3;prinos, t/ha;8.4;A;Konačan podatak;F;Slobodan za objavlјivanje;;
130102IND01;Biljna prizvodnja, od 2005;RS12;Region Vojvodine;202100;2021;Pšenica;1;požnjevena površina, ha / rodna površina, ha;330727;A;Konačan podatak;F;Slobodan za objavlјivanje;;
130102IND01;Biljna prizvodnja, od 2005;RS12;Region Vojvodine;202100;2021;Pšenica;2;ukupan prinos, t;2077296;A;Konačan podatak;F;Slobodan za objavlјivanje;;
130102IND01;Biljna prizvodnja, od 2005;RS12;Region Vojvodine;202100;2021;Pšenica;3;prinos, t/ha;6.3;A;Konačan podatak;F;Slobodan za objavlјivanje;;
130102IND01;Biljna prizvodnja, od 2005;RS12;Region Vojvodine;202100;2021;Ječam;1;požnjevena površina, ha / rodna površina, ha;40873;A;Konačan podatak;F;Slobodan za objavlјivanje;;
130102IND01;Biljna prizvodnja, od 2005;RS12;Region Vojvodine;202100;2021;Ječam;2;ukupan prinos, t;265920;A;Konačan podatak;F;Slobodan za objavlјivanje;;
130102IND01;Biljna prizvodnja, od 2005;RS12;Region Vojvodine;202100;2021;Ječam;3;prinos, t/ha;6.5;A;Konačan podatak;F;Slobodan za objavlјivanje;;
130102IND01;Biljna prizvodnja, od 2005;RS12;Region Vojvodine;202100;2021;Kukuruz;1;požnjevena površina, ha / rodna površina, ha;574854;A;Konačan podatak;F;Slobodan za objavlјivanje;;
130102IND01;Biljna prizvodnja, od 2005;RS12;Region Vojvodine;202100;2021;Kukuruz;2;ukupan prinos, t;3678706;A;Konačan podatak;F;Slobodan za objavlјivanje;;
130102IND01;Biljna prizvodnja, od 2005;RS12;Region Vojvodine;202100;2021;Kukuruz;3;prinos, t/ha;6.4;A;Konačan podatak;F;Slobodan za objavlјivanje;;
130102IND01;Biljna prizvodnja, od 2005;RS12;Region Vojvodine;202200;2022;Pšenica;1;požnjevena površina, ha / rodna površina, ha;342930;A;Konačan podatak;F;Slobodan za objavlјivanje;;
130102IND01;Biljna prizvodnja, od 2005;RS12;Region Vojvodine;202200;2022;Pšenica;2;ukupan prinos, t;1843120;A;Konačan podatak;F;Slobodan za objavlјivanje;;
130102IND01;Biljna prizvodnja, od 2005;RS12;Region Vojvodine;202200;2022;Pšenica;3;prinos, t/ha;5.4;A;Konačan podatak;F;Slobodan za objavlјivanje;;
130102IND01;Biljna prizvodnja, od 2005;RS12;Region Vojvodine;202200;2022;Ječam;1;požnjevena površina, ha / rodna površina, ha;37179;A;Konačan podatak;F;Slobodan za objavlјivanje;;
130102IND01;Biljna prizvodnja, od 2005;RS12;Region Vojvodine;202200;2022;Ječam;2;ukupan prinos, t;195599;A;Konačan podatak;F;Slobodan za objavlјivanje;;
130102IND01;Biljna prizvodnja, od 2005;RS12;Region Vojvodine;202200;2022;Ječam;3;prinos, t/ha;5.3;A;Konačan podatak;F;Slobodan za objavlјivanje;;
130102IND01;Biljna prizvodnja, od 2005;RS12;Region Vojvodine;202200;2022;Kukuruz;1;požnjevena površina, ha / rodna površina, ha;543650;A;Konačan podatak;F;Slobodan za objavlјivanje;;
130102IND01;Biljna prizvodnja, od 2005;RS12;Region Vojvodine;202200;2022;Kukuruz;2;ukupan prinos, t;2385839;A;Konačan podatak;F;Slobodan za objavlјivanje;;
130102IND01;Biljna prizvodnja, od 2005;RS12;Region Vojvodine;202200;2022;Kukuruz;3;prinos, t/ha;4.4;A;Konačan podatak;F;Slobodan za objavlјivanje;;
130102IND01;Biljna prizvodnja, od 2005;RS12;Region Vojvodine;202300;2023;Pšenica;1;požnjevena površina, ha / rodna površina, ha;375395;A;Konačan podatak;F;Slobodan za objavlјivanje;;
130102IND01;Biljna prizvodnja, od 2005;RS12;Region Vojvodine;202300;2023;Pšenica;2;ukupan prinos, t;2169172;A;Konačan podatak;F;Slobodan za objavlјivanje;;
130102IND01;Biljna prizvodnja, od 2005;RS12;Region Vojvodine;202300;2023;Pšenica;3;prinos, t/ha;5.8;A;Konačan podatak;F;Slobodan za objavlјivanje;;
130102IND01;Biljna prizvodnja, od 2005;RS12;Region Vojvodine;202300;2023;Ječam;1;požnjevena površina, ha / rodna površina, ha;41266;A;Konačan podatak;F;Slobodan za objavlјivanje;;
130102IND01;Biljna prizvodnja, od 2005;RS12;Region Vojvodine;202300;2023;Ječam;2;ukupan prinos, t;223744;A;Konačan podatak;F;Slobodan za objavlјivanje;;
130102IND01;Biljna prizvodnja, od 2005;RS12;Region Vojvodine;202300;2023;Ječam;3;prinos, t/ha;5.4;A;Konačan podatak;F;Slobodan za objavlјivanje;;
130102IND01;Biljna prizvodnja, od 2005;RS12;Region Vojvodine;202300;2023;Kukuruz;1;požnjevena površina, ha / rodna površina, ha;507494;A;Konačan podatak;F;Slobodan za objavlјivanje;;
130102IND01;Biljna prizvodnja, od 2005;RS12;Region Vojvodine;202300;2023;Kukuruz;2;ukupan prinos, t;3971950;A;Konačan podatak;F;Slobodan za objavlјivanje;;
130102IND01;Biljna prizvodnja, od 2005;RS12;Region Vojvodine;202300;2023;Kukuruz;3;prinos, t/ha;7.8;A;Konačan podatak;F;Slobodan za objavlјivanje;;
130102IND01;Biljna prizvodnja, od 2005;RS12;Region Vojvodine;202400;2024;Pšenica;1;požnjevena površina, ha / rodna površina, ha;327892;A;Konačan podatak;F;Slobodan za objavlјivanje;;
130102IND01;Biljna prizvodnja, od 2005;RS12;Region Vojvodine;202400;2024;Pšenica;2;ukupan prinos, t;1920136;A;Konačan podatak;F;Slobodan za objavlјivanje;;
130102IND01;Biljna prizvodnja, od 2005;RS12;Region Vojvodine;202400;2024;Pšenica;3;prinos, t/ha;5.9;A;Konačan podatak;F;Slobodan za objavlјivanje;;
130102IND01;Biljna prizvodnja, od 2005;RS12;Region Vojvodine;202400;2024;Ječam;1;požnjevena površina, ha / rodna površina, ha;38745;A;Konačan podatak;F;Slobodan za objavlјivanje;;
130102IND01;Biljna prizvodnja, od 2005;RS12;Region Vojvodine;202400;2024;Ječam;2;ukupan prinos, t;225070;A;Konačan podatak;F;Slobodan za objavlјivanje;;
130102IND01;Biljna prizvodnja, od 2005;RS12;Region Vojvodine;202400;2024;Ječam;3;prinos, t/ha;5.8;A;Konačan podatak;F;Slobodan za objavlјivanje;;
130102IND01;Biljna prizvodnja, od 2005;RS12;Region Vojvodine;202400;2024;Kukuruz;1;požnjevena površina, ha / rodna površina, ha;536582;A;Konačan podatak;F;Slobodan za objavlјivanje;;
130102IND01;Biljna prizvodnja, od 2005;RS12;Region Vojvodine;202400;2024;Kukuruz;2;ukupan prinos, t;3291931;A;Konačan podatak;F;Slobodan za objavlјivanje;;
130102IND01;Biljna prizvodnja, od 2005;RS12;Region Vojvodine;202400;2024;Kukuruz;3;prinos, t/ha;6.1;A;Konačan podatak;F;Slobodan za objavlјivanje;;
130102IND01;Biljna prizvodnja, od 2005;RS12;Region Vojvodine;202500;2025;Pšenica;1;požnjevena površina, ha / rodna površina, ha;362285;A;Konačan podatak;F;Slobodan za objavlјivanje;;
130102IND01;Biljna prizvodnja, od 2005;RS12;Region Vojvodine;202500;2025;Pšenica;2;ukupan prinos, t;2361035;A;Konačan podatak;F;Slobodan za objavlјivanje;;
130102IND01;Biljna prizvodnja, od 2005;RS12;Region Vojvodine;202500;2025;Pšenica;3;prinos, t/ha;6.5;A;Konačan podatak;F;Slobodan za objavlјivanje;;
130102IND01;Biljna prizvodnja, od 2005;RS12;Region Vojvodine;202500;2025;Ječam;1;požnjevena površina, ha / rodna površina, ha;37937;A;Konačan podatak;F;Slobodan za objavlјivanje;;
130102IND01;Biljna prizvodnja, od 2005;RS12;Region Vojvodine;202500;2025;Ječam;2;ukupan prinos, t;223892;A;Konačan podatak;F;Slobodan za objavlјivanje;;
130102IND01;Biljna prizvodnja, od 2005;RS12;Region Vojvodine;202500;2025;Ječam;3;prinos, t/ha;5.9;A;Konačan podatak;F;Slobodan za objavlјivanje;;
130102IND01;Biljna prizvodnja, od 2005;RS12;Region Vojvodine;202500;2025;Kukuruz;1;požnjevena površina, ha / rodna površina, ha;526372;A;Konačan podatak;F;Slobodan za objavlјivanje;;
130102IND01;Biljna prizvodnja, od 2005;RS12;Region Vojvodine;202500;2025;Kukuruz;2;ukupan prinos, t;2797055;A;Konačan podatak;F;Slobodan za objavlјivanje;;
130102IND01;Biljna prizvodnja, od 2005;RS12;Region Vojvodine;202500;2025;Kukuruz;3;prinos, t/ha;5.3;A;Konačan podatak;F;Slobodan za objavlјivanje;;
130102IND01;Biljna prizvodnja, od 2005;RS21;Region Šumadije i Zapadne Srbije;201000;2010;Pšenica;1;požnjevena površina, ha / rodna površina, ha;107536;A;Konačan podatak;F;Slobodan za objavlјivanje;;
130102IND01;Biljna prizvodnja, od 2005;RS21;Region Šumadije i Zapadne Srbije;201000;2010;Pšenica;2;ukupan prinos, t;325660;A;Konačan podatak;F;Slobodan za objavlјivanje;;
130102IND01;Biljna prizvodnja, od 2005;RS21;Region Šumadije i Zapadne Srbije;201000;2010;Pšenica;3;prinos, t/ha;3.0;A;Konačan podatak;F;Slobodan za objavlјivanje;;
130102IND01;Biljna prizvodnja, od 2005;RS21;Region Šumadije i Zapadne Srbije;201000;2010;Ječam;1;požnjevena površina, ha / rodna površina, ha;22433;A;Konačan podatak;F;Slobodan za objavlјivanje;;
130102IND01;Biljna prizvodnja, od 2005;RS21;Region Šumadije i Zapadne Srbije;201000;2010;Ječam;2;ukupan prinos, t;59115;A;Konačan podatak;F;Slobodan za objavlјivanje;;
130102IND01;Biljna prizvodnja, od 2005;RS21;Region Šumadije i Zapadne Srbije;201000;2010;Ječam;3;prinos, t/ha;2.6;A;Konačan podatak;F;Slobodan za objavlјivanje;;
130102IND01;Biljna prizvodnja, od 2005;RS21;Region Šumadije i Zapadne Srbije;201000;2010;Kukuruz;1;požnjevena površina, ha / rodna površina, ha;214499;A;Konačan podatak;F;Slobodan za objavlјivanje;;
130102IND01;Biljna prizvodnja, od 2005;RS21;Region Šumadije i Zapadne Srbije;201000;2010;Kukuruz;2;ukupan prinos, t;1306929;A;Konačan podatak;F;Slobodan za objavlјivanje;;
130102IND01;Biljna prizvodnja, od 2005;RS21;Region Šumadije i Zapadne Srbije;201000;2010;Kukuruz;3;prinos, t/ha;6.1;A;Konačan podatak;F;Slobodan za objavlјivanje;;
130102IND01;Biljna prizvodnja, od 2005;RS21;Region Šumadije i Zapadne Srbije;201100;2011;Pšenica;1;požnjevena površina, ha / rodna površina, ha;109389;A;Konačan podatak;F;Slobodan za objavlјivanje;;
130102IND01;Biljna prizvodnja, od 2005;RS21;Region Šumadije i Zapadne Srbije;201100;2011;Pšenica;2;ukupan prinos, t;396732;A;Konačan podatak;F;Slobodan za objavlјivanje;;
130102IND01;Biljna prizvodnja, od 2005;RS21;Region Šumadije i Zapadne Srbije;201100;2011;Pšenica;3;prinos, t/ha;3.6;A;Konačan podatak;F;Slobodan za objavlјivanje;;
130102IND01;Biljna prizvodnja, od 2005;RS21;Region Šumadije i Zapadne Srbije;201100;2011;Ječam;1;požnjevena površina, ha / rodna površina, ha;21495;A;Konačan podatak;F;Slobodan za objavlјivanje;;
130102IND01;Biljna prizvodnja, od 2005;RS21;Region Šumadije i Zapadne Srbije;201100;2011;Ječam;2;ukupan prinos, t;66872;A;Konačan podatak;F;Slobodan za objavlјivanje;;
130102IND01;Biljna prizvodnja, od 2005;RS21;Region Šumadije i Zapadne Srbije;201100;2011;Ječam;3;prinos, t/ha;3.1;A;Konačan podatak;F;Slobodan za objavlјivanje;;
130102IND01;Biljna prizvodnja, od 2005;RS21;Region Šumadije i Zapadne Srbije;201100;2011;Kukuruz;1;požnjevena površina, ha / rodna površina, ha;212340;A;Konačan podatak;F;Slobodan za objavlјivanje;;
130102IND01;Biljna prizvodnja, od 2005;RS21;Region Šumadije i Zapadne Srbije;201100;2011;Kukuruz;2;ukupan prinos, t;1104490;A;Konačan podatak;F;Slobodan za objavlјivanje;;
130102IND01;Biljna prizvodnja, od 2005;RS21;Region Šumadije i Zapadne Srbije;201100;2011;Kukuruz;3;prinos, t/ha;5.2;A;Konačan podatak;F;Slobodan za objavlјivanje;;
130102IND01;Biljna prizvodnja, od 2005;RS21;Region Šumadije i Zapadne Srbije;201200;2012;Pšenica;1;požnjevena površina, ha / rodna površina, ha;108458;A;Konačan podatak;F;Slobodan za objavlјivanje;;
130102IND01;Biljna prizvodnja, od 2005;RS21;Region Šumadije i Zapadne Srbije;201200;2012;Pšenica;2;ukupan prinos, t;402913;A;Konačan podatak;F;Slobodan za objavlјivanje;;
130102IND01;Biljna prizvodnja, od 2005;RS21;Region Šumadije i Zapadne Srbije;201200;2012;Pšenica;3;prinos, t/ha;3.7;A;Konačan podatak;F;Slobodan za objavlјivanje;;
130102IND01;Biljna prizvodnja, od 2005;RS21;Region Šumadije i Zapadne Srbije;201200;2012;Ječam;1;požnjevena površina, ha / rodna površina, ha;20762;A;Konačan podatak;F;Slobodan za objavlјivanje;;
130102IND01;Biljna prizvodnja, od 2005;RS21;Region Šumadije i Zapadne Srbije;201200;2012;Ječam;2;ukupan prinos, t;65326;A;Konačan podatak;F;Slobodan za objavlјivanje;;
130102IND01;Biljna prizvodnja, od 2005;RS21;Region Šumadije i Zapadne Srbije;201200;2012;Ječam;3;prinos, t/ha;3.1;A;Konačan podatak;F;Slobodan za objavlјivanje;;
130102IND01;Biljna prizvodnja, od 2005;RS21;Region Šumadije i Zapadne Srbije;201200;2012;Kukuruz;1;požnjevena površina, ha / rodna površina, ha;191397;A;Konačan podatak;F;Slobodan za objavlјivanje;;
130102IND01;Biljna prizvodnja, od 2005;RS21;Region Šumadije i Zapadne Srbije;201200;2012;Kukuruz;2;ukupan prinos, t;623136;A;Konačan podatak;F;Slobodan za objavlјivanje;;
130102IND01;Biljna prizvodnja, od 2005;RS21;Region Šumadije i Zapadne Srbije;201200;2012;Kukuruz;3;prinos, t/ha;3.3;A;Konačan podatak;F;Slobodan za objavlјivanje;;
130102IND01;Biljna prizvodnja, od 2005;RS21;Region Šumadije i Zapadne Srbije;201300;2013;Pšenica;1;požnjevena površina, ha / rodna površina, ha;112078;A;Konačan podatak;F;Slobodan za objavlјivanje;;
130102IND01;Biljna prizvodnja, od 2005;RS21;Region Šumadije i Zapadne Srbije;201300;2013;Pšenica;2;ukupan prinos, t;412265;A;Konačan podatak;F;Slobodan za objavlјivanje;;
130102IND01;Biljna prizvodnja, od 2005;RS21;Region Šumadije i Zapadne Srbije;201300;2013;Pšenica;3;prinos, t/ha;3.7;A;Konačan podatak;F;Slobodan za objavlјivanje;;
130102IND01;Biljna prizvodnja, od 2005;RS21;Region Šumadije i Zapadne Srbije;201300;2013;Ječam;1;požnjevena površina, ha / rodna površina, ha;22082;A;Konačan podatak;F;Slobodan za objavlјivanje;;
130102IND01;Biljna prizvodnja, od 2005;RS21;Region Šumadije i Zapadne Srbije;201300;2013;Ječam;2;ukupan prinos, t;76784;A;Konačan podatak;F;Slobodan za objavlјivanje;;
130102IND01;Biljna prizvodnja, od 2005;RS21;Region Šumadije i Zapadne Srbije;201300;2013;Ječam;3;prinos, t/ha;3.5;A;Konačan podatak;F;Slobodan za objavlјivanje;;
130102IND01;Biljna prizvodnja, od 2005;RS21;Region Šumadije i Zapadne Srbije;201300;2013;Kukuruz;1;požnjevena površina, ha / rodna površina, ha;201930;A;Konačan podatak;F;Slobodan za objavlјivanje;;
130102IND01;Biljna prizvodnja, od 2005;RS21;Region Šumadije i Zapadne Srbije;201300;2013;Kukuruz;2;ukupan prinos, t;994303;A;Konačan podatak;F;Slobodan za objavlјivanje;;
130102IND01;Biljna prizvodnja, od 2005;RS21;Region Šumadije i Zapadne Srbije;201300;2013;Kukuruz;3;prinos, t/ha;4.9;A;Konačan podatak;F;Slobodan za objavlјivanje;;
130102IND01;Biljna prizvodnja, od 2005;RS21;Region Šumadije i Zapadne Srbije;201400;2014;Pšenica;1;požnjevena površina, ha / rodna površina, ha;107306;A;Konačan podatak;F;Slobodan za objavlјivanje;;
130102IND01;Biljna prizvodnja, od 2005;RS21;Region Šumadije i Zapadne Srbije;201400;2014;Pšenica;2;ukupan prinos, t;365823;A;Konačan podatak;F;Slobodan za objavlјivanje;;
130102IND01;Biljna prizvodnja, od 2005;RS21;Region Šumadije i Zapadne Srbije;201400;2014;Pšenica;3;prinos, t/ha;3.4;A;Konačan podatak;F;Slobodan za objavlјivanje;;
130102IND01;Biljna prizvodnja, od 2005;RS21;Region Šumadije i Zapadne Srbije;201400;2014;Ječam;1;požnjevena površina, ha / rodna površina, ha;22121;A;Konačan podatak;F;Slobodan za objavlјivanje;;
130102IND01;Biljna prizvodnja, od 2005;RS21;Region Šumadije i Zapadne Srbije;201400;2014;Ječam;2;ukupan prinos, t;68533;A;Konačan podatak;F;Slobodan za objavlјivanje;;
130102IND01;Biljna prizvodnja, od 2005;RS21;Region Šumadije i Zapadne Srbije;201400;2014;Ječam;3;prinos, t/ha;3.1;A;Konačan podatak;F;Slobodan za objavlјivanje;;
130102IND01;Biljna prizvodnja, od 2005;RS21;Region Šumadije i Zapadne Srbije;201400;2014;Kukuruz;1;požnjevena površina, ha / rodna površina, ha;217902;A;Konačan podatak;F;Slobodan za objavlјivanje;;
130102IND01;Biljna prizvodnja, od 2005;RS21;Region Šumadije i Zapadne Srbije;201400;2014;Kukuruz;2;ukupan prinos, t;1348178;A;Konačan podatak;F;Slobodan za objavlјivanje;;
130102IND01;Biljna prizvodnja, od 2005;RS21;Region Šumadije i Zapadne Srbije;201400;2014;Kukuruz;3;prinos, t/ha;6.2;A;Konačan podatak;F;Slobodan za objavlјivanje;;
130102IND01;Biljna prizvodnja, od 2005;RS21;Region Šumadije i Zapadne Srbije;201500;2015;Pšenica;1;požnjevena površina, ha / rodna površina, ha;127769;A;Konačan podatak;F;Slobodan za objavlјivanje;;
130102IND01;Biljna prizvodnja, od 2005;RS21;Region Šumadije i Zapadne Srbije;201500;2015;Pšenica;2;ukupan prinos, t;401405;A;Konačan podatak;F;Slobodan za objavlјivanje;;
130102IND01;Biljna prizvodnja, od 2005;RS21;Region Šumadije i Zapadne Srbije;201500;2015;Pšenica;3;prinos, t/ha;3.1;A;Konačan podatak;F;Slobodan za objavlјivanje;;
130102IND01;Biljna prizvodnja, od 2005;RS21;Region Šumadije i Zapadne Srbije;201500;2015;Ječam;1;požnjevena površina, ha / rodna površina, ha;29455;A;Konačan podatak;F;Slobodan za objavlјivanje;;
130102IND01;Biljna prizvodnja, od 2005;RS21;Region Šumadije i Zapadne Srbije;201500;2015;Ječam;2;ukupan prinos, t;105378;A;Konačan podatak;F;Slobodan za objavlјivanje;;
130102IND01;Biljna prizvodnja, od 2005;RS21;Region Šumadije i Zapadne Srbije;201500;2015;Ječam;3;prinos, t/ha;3.6;A;Konačan podatak;F;Slobodan za objavlјivanje;;
130102IND01;Biljna prizvodnja, od 2005;RS21;Region Šumadije i Zapadne Srbije;201500;2015;Kukuruz;1;požnjevena površina, ha / rodna površina, ha;212553;A;Konačan podatak;F;Slobodan za objavlјivanje;;
130102IND01;Biljna prizvodnja, od 2005;RS21;Region Šumadije i Zapadne Srbije;201500;2015;Kukuruz;2;ukupan prinos, t;1082319;A;Konačan podatak;F;Slobodan za objavlјivanje;;
130102IND01;Biljna prizvodnja, od 2005;RS21;Region Šumadije i Zapadne Srbije;201500;2015;Kukuruz;3;prinos, t/ha;5.1;A;Konačan podatak;F;Slobodan za objavlјivanje;;
130102IND01;Biljna prizvodnja, od 2005;RS21;Region Šumadije i Zapadne Srbije;201600;2016;Pšenica;1;požnjevena površina, ha / rodna površina, ha;128257;A;Konačan podatak;F;Slobodan za objavlјivanje;;
130102IND01;Biljna prizvodnja, od 2005;RS21;Region Šumadije i Zapadne Srbije;201600;2016;Pšenica;2;ukupan prinos, t;460463;A;Konačan podatak;F;Slobodan za objavlјivanje;;
130102IND01;Biljna prizvodnja, od 2005;RS21;Region Šumadije i Zapadne Srbije;201600;2016;Pšenica;3;prinos, t/ha;3.6;A;Konačan podatak;F;Slobodan za objavlјivanje;;
130102IND01;Biljna prizvodnja, od 2005;RS21;Region Šumadije i Zapadne Srbije;201600;2016;Ječam;1;požnjevena površina, ha / rodna površina, ha;28430;A;Konačan podatak;F;Slobodan za objavlјivanje;;
130102IND01;Biljna prizvodnja, od 2005;RS21;Region Šumadije i Zapadne Srbije;201600;2016;Ječam;2;ukupan prinos, t;113543;A;Konačan podatak;F;Slobodan za objavlјivanje;;
130102IND01;Biljna prizvodnja, od 2005;RS21;Region Šumadije i Zapadne Srbije;201600;2016;Ječam;3;prinos, t/ha;4.0;A;Konačan podatak;F;Slobodan za objavlјivanje;;
130102IND01;Biljna prizvodnja, od 2005;RS21;Region Šumadije i Zapadne Srbije;201600;2016;Kukuruz;1;požnjevena površina, ha / rodna površina, ha;214671;A;Konačan podatak;F;Slobodan za objavlјivanje;;
130102IND01;Biljna prizvodnja, od 2005;RS21;Region Šumadije i Zapadne Srbije;201600;2016;Kukuruz;2;ukupan prinos, t;1278580;A;Konačan podatak;F;Slobodan za objavlјivanje;;
130102IND01;Biljna prizvodnja, od 2005;RS21;Region Šumadije i Zapadne Srbije;201600;2016;Kukuruz;3;prinos, t/ha;6.0;A;Konačan podatak;F;Slobodan za objavlјivanje;;
130102IND01;Biljna prizvodnja, od 2005;RS21;Region Šumadije i Zapadne Srbije;201700;2017;Pšenica;1;požnjevena površina, ha / rodna površina, ha;115072;A;Konačan podatak;F;Slobodan za objavlјivanje;;
130102IND01;Biljna prizvodnja, od 2005;RS21;Region Šumadije i Zapadne Srbije;201700;2017;Pšenica;2;ukupan prinos, t;420163;A;Konačan podatak;F;Slobodan za objavlјivanje;;
130102IND01;Biljna prizvodnja, od 2005;RS21;Region Šumadije i Zapadne Srbije;201700;2017;Pšenica;3;prinos, t/ha;3.7;A;Konačan podatak;F;Slobodan za objavlјivanje;;
130102IND01;Biljna prizvodnja, od 2005;RS21;Region Šumadije i Zapadne Srbije;201700;2017;Ječam;1;požnjevena površina, ha / rodna površina, ha;25315;A;Konačan podatak;F;Slobodan za objavlјivanje;;
130102IND01;Biljna prizvodnja, od 2005;RS21;Region Šumadije i Zapadne Srbije;201700;2017;Ječam;2;ukupan prinos, t;89113;A;Konačan podatak;F;Slobodan za objavlјivanje;;
130102IND01;Biljna prizvodnja, od 2005;RS21;Region Šumadije i Zapadne Srbije;201700;2017;Ječam;3;prinos, t/ha;3.5;A;Konačan podatak;F;Slobodan za objavlјivanje;;
130102IND01;Biljna prizvodnja, od 2005;RS21;Region Šumadije i Zapadne Srbije;201700;2017;Kukuruz;1;požnjevena površina, ha / rodna površina, ha;213721;A;Konačan podatak;F;Slobodan za objavlјivanje;;
130102IND01;Biljna prizvodnja, od 2005;RS21;Region Šumadije i Zapadne Srbije;201700;2017;Kukuruz;2;ukupan prinos, t;736481;A;Konačan podatak;F;Slobodan za objavlјivanje;;
130102IND01;Biljna prizvodnja, od 2005;RS21;Region Šumadije i Zapadne Srbije;201700;2017;Kukuruz;3;prinos, t/ha;3.4;A;Konačan podatak;F;Slobodan za objavlјivanje;;
130102IND01;Biljna prizvodnja, od 2005;RS21;Region Šumadije i Zapadne Srbije;201800;2018;Pšenica;1;požnjevena površina, ha / rodna površina, ha;130411;A;Konačan podatak;F;Slobodan za objavlјivanje;;
130102IND01;Biljna prizvodnja, od 2005;RS21;Region Šumadije i Zapadne Srbije;201800;2018;Pšenica;2;ukupan prinos, t;518732;A;Konačan podatak;F;Slobodan za objavlјivanje;;
130102IND01;Biljna prizvodnja, od 2005;RS21;Region Šumadije i Zapadne Srbije;201800;2018;Pšenica;3;prinos, t/ha;4.0;A;Konačan podatak;F;Slobodan za objavlјivanje;;
130102IND01;Biljna prizvodnja, od 2005;RS21;Region Šumadije i Zapadne Srbije;201800;2018;Ječam;1;požnjevena površina, ha / rodna površina, ha;37139;A;Konačan podatak;F;Slobodan za objavlјivanje;;
130102IND01;Biljna prizvodnja, od 2005;RS21;Region Šumadije i Zapadne Srbije;201800;2018;Ječam;2;ukupan prinos, t;142762;A;Konačan podatak;F;Slobodan za objavlјivanje;;
130102IND01;Biljna prizvodnja, od 2005;RS21;Region Šumadije i Zapadne Srbije;201800;2018;Ječam;3;prinos, t/ha;3.8;A;Konačan podatak;F;Slobodan za objavlјivanje;;
130102IND01;Biljna prizvodnja, od 2005;RS21;Region Šumadije i Zapadne Srbije;201800;2018;Kukuruz;1;požnjevena površina, ha / rodna površina, ha;189947;A;Konačan podatak;F;Slobodan za objavlјivanje;;
130102IND01;Biljna prizvodnja, od 2005;RS21;Region Šumadije i Zapadne Srbije;201800;2018;Kukuruz;2;ukupan prinos, t;1211368;A;Konačan podatak;F;Slobodan za objavlјivanje;;
130102IND01;Biljna prizvodnja, od 2005;RS21;Region Šumadije i Zapadne Srbije;201800;2018;Kukuruz;3;prinos, t/ha;6.4;A;Konačan podatak;F;Slobodan za objavlјivanje;;
130102IND01;Biljna prizvodnja, od 2005;RS21;Region Šumadije i Zapadne Srbije;201900;2019;Pšenica;1;požnjevena površina, ha / rodna površina, ha;118458;A;Konačan podatak;F;Slobodan za objavlјivanje;;
130102IND01;Biljna prizvodnja, od 2005;RS21;Region Šumadije i Zapadne Srbije;201900;2019;Pšenica;2;ukupan prinos, t;452391;A;Konačan podatak;F;Slobodan za objavlјivanje;;
130102IND01;Biljna prizvodnja, od 2005;RS21;Region Šumadije i Zapadne Srbije;201900;2019;Pšenica;3;prinos, t/ha;3.8;A;Konačan podatak;F;Slobodan za objavlјivanje;;
130102IND01;Biljna prizvodnja, od 2005;RS21;Region Šumadije i Zapadne Srbije;201900;2019;Ječam;1;požnjevena površina, ha / rodna površina, ha;35922;A;Konačan podatak;F;Slobodan za objavlјivanje;;
130102IND01;Biljna prizvodnja, od 2005;RS21;Region Šumadije i Zapadne Srbije;201900;2019;Ječam;2;ukupan prinos, t;133378;A;Konačan podatak;F;Slobodan za objavlјivanje;;
130102IND01;Biljna prizvodnja, od 2005;RS21;Region Šumadije i Zapadne Srbije;201900;2019;Ječam;3;prinos, t/ha;3.7;A;Konačan podatak;F;Slobodan za objavlјivanje;;
130102IND01;Biljna prizvodnja, od 2005;RS21;Region Šumadije i Zapadne Srbije;201900;2019;Kukuruz;1;požnjevena površina, ha / rodna površina, ha;203505;A;Konačan podatak;F;Slobodan za objavlјivanje;;
130102IND01;Biljna prizvodnja, od 2005;RS21;Region Šumadije i Zapadne Srbije;201900;2019;Kukuruz;2;ukupan prinos, t;1286151;A;Konačan podatak;F;Slobodan za objavlјivanje;;
130102IND01;Biljna prizvodnja, od 2005;RS21;Region Šumadije i Zapadne Srbije;201900;2019;Kukuruz;3;prinos, t/ha;6.3;A;Konačan podatak;F;Slobodan za objavlјivanje;;
130102IND01;Biljna prizvodnja, od 2005;RS21;Region Šumadije i Zapadne Srbije;202000;2020;Pšenica;1;požnjevena površina, ha / rodna površina, ha;124199;A;Konačan podatak;F;Slobodan za objavlјivanje;;
130102IND01;Biljna prizvodnja, od 2005;RS21;Region Šumadije i Zapadne Srbije;202000;2020;Pšenica;2;ukupan prinos, t;595460;A;Konačan podatak;F;Slobodan za objavlјivanje;;
130102IND01;Biljna prizvodnja, od 2005;RS21;Region Šumadije i Zapadne Srbije;202000;2020;Pšenica;3;prinos, t/ha;4.8;A;Konačan podatak;F;Slobodan za objavlјivanje;;
130102IND01;Biljna prizvodnja, od 2005;RS21;Region Šumadije i Zapadne Srbije;202000;2020;Ječam;1;požnjevena površina, ha / rodna površina, ha;29874;A;Konačan podatak;F;Slobodan za objavlјivanje;;
130102IND01;Biljna prizvodnja, od 2005;RS21;Region Šumadije i Zapadne Srbije;202000;2020;Ječam;2;ukupan prinos, t;139691;A;Konačan podatak;F;Slobodan za objavlјivanje;;
130102IND01;Biljna prizvodnja, od 2005;RS21;Region Šumadije i Zapadne Srbije;202000;2020;Ječam;3;prinos, t/ha;4.7;A;Konačan podatak;F;Slobodan za objavlјivanje;;
130102IND01;Biljna prizvodnja, od 2005;RS21;Region Šumadije i Zapadne Srbije;202000;2020;Kukuruz;1;požnjevena površina, ha / rodna površina, ha;213911;A;Konačan podatak;F;Slobodan za objavlјivanje;;
130102IND01;Biljna prizvodnja, od 2005;RS21;Region Šumadije i Zapadne Srbije;202000;2020;Kukuruz;2;ukupan prinos, t;1575243;A;Konačan podatak;F;Slobodan za objavlјivanje;;
130102IND01;Biljna prizvodnja, od 2005;RS21;Region Šumadije i Zapadne Srbije;202000;2020;Kukuruz;3;prinos, t/ha;7.4;A;Konačan podatak;F;Slobodan za objavlјivanje;;
130102IND01;Biljna prizvodnja, od 2005;RS21;Region Šumadije i Zapadne Srbije;202100;2021;Pšenica;1;požnjevena površina, ha / rodna površina, ha;120023;A;Konačan podatak;F;Slobodan za objavlјivanje;;
130102IND01;Biljna prizvodnja, od 2005;RS21;Region Šumadije i Zapadne Srbije;202100;2021;Pšenica;2;ukupan prinos, t;622559;A;Konačan podatak;F;Slobodan za objavlјivanje;;
130102IND01;Biljna prizvodnja, od 2005;RS21;Region Šumadije i Zapadne Srbije;202100;2021;Pšenica;3;prinos, t/ha;5.2;A;Konačan podatak;F;Slobodan za objavlјivanje;;
130102IND01;Biljna prizvodnja, od 2005;RS21;Region Šumadije i Zapadne Srbije;202100;2021;Ječam;1;požnjevena površina, ha / rodna površina, ha;27393;A;Konačan podatak;F;Slobodan za objavlјivanje;;
130102IND01;Biljna prizvodnja, od 2005;RS21;Region Šumadije i Zapadne Srbije;202100;2021;Ječam;2;ukupan prinos, t;140718;A;Konačan podatak;F;Slobodan za objavlјivanje;;
130102IND01;Biljna prizvodnja, od 2005;RS21;Region Šumadije i Zapadne Srbije;202100;2021;Ječam;3;prinos, t/ha;5.1;A;Konačan podatak;F;Slobodan za objavlјivanje;;
130102IND01;Biljna prizvodnja, od 2005;RS21;Region Šumadije i Zapadne Srbije;202100;2021;Kukuruz;1;požnjevena površina, ha / rodna površina, ha;223318;A;Konačan podatak;F;Slobodan za objavlјivanje;;
130102IND01;Biljna prizvodnja, od 2005;RS21;Region Šumadije i Zapadne Srbije;202100;2021;Kukuruz;2;ukupan prinos, t;1187852;A;Konačan podatak;F;Slobodan za objavlјivanje;;
130102IND01;Biljna prizvodnja, od 2005;RS21;Region Šumadije i Zapadne Srbije;202100;2021;Kukuruz;3;prinos, t/ha;5.3;A;Konačan podatak;F;Slobodan za objavlјivanje;;
130102IND01;Biljna prizvodnja, od 2005;RS21;Region Šumadije i Zapadne Srbije;202200;2022;Pšenica;1;požnjevena površina, ha / rodna površina, ha;126369;A;Konačan podatak;F;Slobodan za objavlјivanje;;
130102IND01;Biljna prizvodnja, od 2005;RS21;Region Šumadije i Zapadne Srbije;202200;2022;Pšenica;2;ukupan prinos, t;584406;A;Konačan podatak;F;Slobodan za objavlјivanje;;
130102IND01;Biljna prizvodnja, od 2005;RS21;Region Šumadije i Zapadne Srbije;202200;2022;Pšenica;3;prinos, t/ha;4.6;A;Konačan podatak;F;Slobodan za objavlјivanje;;
130102IND01;Biljna prizvodnja, od 2005;RS21;Region Šumadije i Zapadne Srbije;202200;2022;Ječam;1;požnjevena površina, ha / rodna površina, ha;25549;A;Konačan podatak;F;Slobodan za objavlјivanje;;
130102IND01;Biljna prizvodnja, od 2005;RS21;Region Šumadije i Zapadne Srbije;202200;2022;Ječam;2;ukupan prinos, t;120974;A;Konačan podatak;F;Slobodan za objavlјivanje;;
130102IND01;Biljna prizvodnja, od 2005;RS21;Region Šumadije i Zapadne Srbije;202200;2022;Ječam;3;prinos, t/ha;4.7;A;Konačan podatak;F;Slobodan za objavlјivanje;;
130102IND01;Biljna prizvodnja, od 2005;RS21;Region Šumadije i Zapadne Srbije;202200;2022;Kukuruz;1;požnjevena površina, ha / rodna površina, ha;200168;A;Konačan podatak;F;Slobodan za objavlјivanje;;
130102IND01;Biljna prizvodnja, od 2005;RS21;Region Šumadije i Zapadne Srbije;202200;2022;Kukuruz;2;ukupan prinos, t;955402;A;Konačan podatak;F;Slobodan za objavlјivanje;;
130102IND01;Biljna prizvodnja, od 2005;RS21;Region Šumadije i Zapadne Srbije;202200;2022;Kukuruz;3;prinos, t/ha;4.8;A;Konačan podatak;F;Slobodan za objavlјivanje;;
130102IND01;Biljna prizvodnja, od 2005;RS21;Region Šumadije i Zapadne Srbije;202300;2023;Pšenica;1;požnjevena površina, ha / rodna površina, ha;134083;A;Konačan podatak;F;Slobodan za objavlјivanje;;
130102IND01;Biljna prizvodnja, od 2005;RS21;Region Šumadije i Zapadne Srbije;202300;2023;Pšenica;2;ukupan prinos, t;573695;A;Konačan podatak;F;Slobodan za objavlјivanje;;
130102IND01;Biljna prizvodnja, od 2005;RS21;Region Šumadije i Zapadne Srbije;202300;2023;Pšenica;3;prinos, t/ha;4.3;A;Konačan podatak;F;Slobodan za objavlјivanje;;
130102IND01;Biljna prizvodnja, od 2005;RS21;Region Šumadije i Zapadne Srbije;202300;2023;Ječam;1;požnjevena površina, ha / rodna površina, ha;31195;A;Konačan podatak;F;Slobodan za objavlјivanje;;
130102IND01;Biljna prizvodnja, od 2005;RS21;Region Šumadije i Zapadne Srbije;202300;2023;Ječam;2;ukupan prinos, t;150298;A;Konačan podatak;F;Slobodan za objavlјivanje;;
130102IND01;Biljna prizvodnja, od 2005;RS21;Region Šumadije i Zapadne Srbije;202300;2023;Ječam;3;prinos, t/ha;4.8;A;Konačan podatak;F;Slobodan za objavlјivanje;;
130102IND01;Biljna prizvodnja, od 2005;RS21;Region Šumadije i Zapadne Srbije;202300;2023;Kukuruz;1;požnjevena površina, ha / rodna površina, ha;205485;A;Konačan podatak;F;Slobodan za objavlјivanje;;
130102IND01;Biljna prizvodnja, od 2005;RS21;Region Šumadije i Zapadne Srbije;202300;2023;Kukuruz;2;ukupan prinos, t;1371204;A;Konačan podatak;F;Slobodan za objavlјivanje;;
130102IND01;Biljna prizvodnja, od 2005;RS21;Region Šumadije i Zapadne Srbije;202300;2023;Kukuruz;3;prinos, t/ha;6.7;A;Konačan podatak;F;Slobodan za objavlјivanje;;
130102IND01;Biljna prizvodnja, od 2005;RS21;Region Šumadije i Zapadne Srbije;202400;2024;Pšenica;1;požnjevena površina, ha / rodna površina, ha;94118;A;Konačan podatak;F;Slobodan za objavlјivanje;;
130102IND01;Biljna prizvodnja, od 2005;RS21;Region Šumadije i Zapadne Srbije;202400;2024;Pšenica;2;ukupan prinos, t;420896;A;Konačan podatak;F;Slobodan za objavlјivanje;;
130102IND01;Biljna prizvodnja, od 2005;RS21;Region Šumadije i Zapadne Srbije;202400;2024;Pšenica;3;prinos, t/ha;4.5;A;Konačan podatak;F;Slobodan za objavlјivanje;;
130102IND01;Biljna prizvodnja, od 2005;RS21;Region Šumadije i Zapadne Srbije;202400;2024;Ječam;1;požnjevena površina, ha / rodna površina, ha;27138;A;Konačan podatak;F;Slobodan za objavlјivanje;;
130102IND01;Biljna prizvodnja, od 2005;RS21;Region Šumadije i Zapadne Srbije;202400;2024;Ječam;2;ukupan prinos, t;139706;A;Konačan podatak;F;Slobodan za objavlјivanje;;
130102IND01;Biljna prizvodnja, od 2005;RS21;Region Šumadije i Zapadne Srbije;202400;2024;Ječam;3;prinos, t/ha;5.1;A;Konačan podatak;F;Slobodan za objavlјivanje;;
130102IND01;Biljna prizvodnja, od 2005;RS21;Region Šumadije i Zapadne Srbije;202400;2024;Kukuruz;1;požnjevena površina, ha / rodna površina, ha;224602;A;Konačan podatak;F;Slobodan za objavlјivanje;;
130102IND01;Biljna prizvodnja, od 2005;RS21;Region Šumadije i Zapadne Srbije;202400;2024;Kukuruz;2;ukupan prinos, t;1159620;A;Konačan podatak;F;Slobodan za objavlјivanje;;
130102IND01;Biljna prizvodnja, od 2005;RS21;Region Šumadije i Zapadne Srbije;202400;2024;Kukuruz;3;prinos, t/ha;5.2;A;Konačan podatak;F;Slobodan za objavlјivanje;;
130102IND01;Biljna prizvodnja, od 2005;RS21;Region Šumadije i Zapadne Srbije;202500;2025;Pšenica;1;požnjevena površina, ha / rodna površina, ha;104587;A;Konačan podatak;F;Slobodan za objavlјivanje;;
130102IND01;Biljna prizvodnja, od 2005;RS21;Region Šumadije i Zapadne Srbije;202500;2025;Pšenica;2;ukupan prinos, t;593693;A;Konačan podatak;F;Slobodan za objavlјivanje;;
130102IND01;Biljna prizvodnja, od 2005;RS21;Region Šumadije i Zapadne Srbije;202500;2025;Pšenica;3;prinos, t/ha;5.7;A;Konačan podatak;F;Slobodan za objavlјivanje;;
130102IND01;Biljna prizvodnja, od 2005;RS21;Region Šumadije i Zapadne Srbije;202500;2025;Ječam;1;požnjevena površina, ha / rodna površina, ha;28083;A;Konačan podatak;F;Slobodan za objavlјivanje;;
130102IND01;Biljna prizvodnja, od 2005;RS21;Region Šumadije i Zapadne Srbije;202500;2025;Ječam;2;ukupan prinos, t;150216;A;Konačan podatak;F;Slobodan za objavlјivanje;;
130102IND01;Biljna prizvodnja, od 2005;RS21;Region Šumadije i Zapadne Srbije;202500;2025;Ječam;3;prinos, t/ha;5.3;A;Konačan podatak;F;Slobodan za objavlјivanje;;
130102IND01;Biljna prizvodnja, od 2005;RS21;Region Šumadije i Zapadne Srbije;202500;2025;Kukuruz;1;požnjevena površina, ha / rodna površina, ha;223840;A;Konačan podatak;F;Slobodan za objavlјivanje;;
130102IND01;Biljna prizvodnja, od 2005;RS21;Region Šumadije i Zapadne Srbije;202500;2025;Kukuruz;2;ukupan prinos, t;1071775;A;Konačan podatak;F;Slobodan za objavlјivanje;;
130102IND01;Biljna prizvodnja, od 2005;RS21;Region Šumadije i Zapadne Srbije;202500;2025;Kukuruz;3;prinos, t/ha;4.8;A;Konačan podatak;F;Slobodan za objavlјivanje;;
130102IND01;Biljna prizvodnja, od 2005;RS22;Region Južne i Istočne Srbije;201000;2010;Pšenica;1;požnjevena površina, ha / rodna površina, ha;167801;A;Konačan podatak;F;Slobodan za objavlјivanje;;
130102IND01;Biljna prizvodnja, od 2005;RS22;Region Južne i Istočne Srbije;201000;2010;Pšenica;2;ukupan prinos, t;492394;A;Konačan podatak;F;Slobodan za objavlјivanje;;
130102IND01;Biljna prizvodnja, od 2005;RS22;Region Južne i Istočne Srbije;201000;2010;Pšenica;3;prinos, t/ha;2.9;A;Konačan podatak;F;Slobodan za objavlјivanje;;
130102IND01;Biljna prizvodnja, od 2005;RS22;Region Južne i Istočne Srbije;201000;2010;Ječam;1;požnjevena površina, ha / rodna površina, ha;22141;A;Konačan podatak;F;Slobodan za objavlјivanje;;
130102IND01;Biljna prizvodnja, od 2005;RS22;Region Južne i Istočne Srbije;201000;2010;Ječam;2;ukupan prinos, t;53382;A;Konačan podatak;F;Slobodan za objavlјivanje;;
130102IND01;Biljna prizvodnja, od 2005;RS22;Region Južne i Istočne Srbije;201000;2010;Ječam;3;prinos, t/ha;2.4;A;Konačan podatak;F;Slobodan za objavlјivanje;;
130102IND01;Biljna prizvodnja, od 2005;RS22;Region Južne i Istočne Srbije;201000;2010;Kukuruz;1;požnjevena površina, ha / rodna površina, ha;180470;A;Konačan podatak;F;Slobodan za objavlјivanje;;
130102IND01;Biljna prizvodnja, od 2005;RS22;Region Južne i Istočne Srbije;201000;2010;Kukuruz;2;ukupan prinos, t;952110;A;Konačan podatak;F;Slobodan za objavlјivanje;;
130102IND01;Biljna prizvodnja, od 2005;RS22;Region Južne i Istočne Srbije;201000;2010;Kukuruz;3;prinos, t/ha;5.3;A;Konačan podatak;F;Slobodan za objavlјivanje;;
130102IND01;Biljna prizvodnja, od 2005;RS22;Region Južne i Istočne Srbije;201100;2011;Pšenica;1;požnjevena površina, ha / rodna površina, ha;171413;A;Konačan podatak;F;Slobodan za objavlјivanje;;
130102IND01;Biljna prizvodnja, od 2005;RS22;Region Južne i Istočne Srbije;201100;2011;Pšenica;2;ukupan prinos, t;581765;A;Konačan podatak;F;Slobodan za objavlјivanje;;
130102IND01;Biljna prizvodnja, od 2005;RS22;Region Južne i Istočne Srbije;201100;2011;Pšenica;3;prinos, t/ha;3.4;A;Konačan podatak;F;Slobodan za objavlјivanje;;
130102IND01;Biljna prizvodnja, od 2005;RS22;Region Južne i Istočne Srbije;201100;2011;Ječam;1;požnjevena površina, ha / rodna površina, ha;20675;A;Konačan podatak;F;Slobodan za objavlјivanje;;
130102IND01;Biljna prizvodnja, od 2005;RS22;Region Južne i Istočne Srbije;201100;2011;Ječam;2;ukupan prinos, t;57005;A;Konačan podatak;F;Slobodan za objavlјivanje;;
130102IND01;Biljna prizvodnja, od 2005;RS22;Region Južne i Istočne Srbije;201100;2011;Ječam;3;prinos, t/ha;2.8;A;Konačan podatak;F;Slobodan za objavlјivanje;;
130102IND01;Biljna prizvodnja, od 2005;RS22;Region Južne i Istočne Srbije;201100;2011;Kukuruz;1;požnjevena površina, ha / rodna površina, ha;177122;A;Konačan podatak;F;Slobodan za objavlјivanje;;
130102IND01;Biljna prizvodnja, od 2005;RS22;Region Južne i Istočne Srbije;201100;2011;Kukuruz;2;ukupan prinos, t;747006;A;Konačan podatak;F;Slobodan za objavlјivanje;;
130102IND01;Biljna prizvodnja, od 2005;RS22;Region Južne i Istočne Srbije;201100;2011;Kukuruz;3;prinos, t/ha;4.2;A;Konačan podatak;F;Slobodan za objavlјivanje;;
130102IND01;Biljna prizvodnja, od 2005;RS22;Region Južne i Istočne Srbije;201200;2012;Pšenica;1;požnjevena površina, ha / rodna površina, ha;164659;A;Konačan podatak;F;Slobodan za objavlјivanje;;
130102IND01;Biljna prizvodnja, od 2005;RS22;Region Južne i Istočne Srbije;201200;2012;Pšenica;2;ukupan prinos, t;536265;A;Konačan podatak;F;Slobodan za objavlјivanje;;
130102IND01;Biljna prizvodnja, od 2005;RS22;Region Južne i Istočne Srbije;201200;2012;Pšenica;3;prinos, t/ha;3.3;A;Konačan podatak;F;Slobodan za objavlјivanje;;
130102IND01;Biljna prizvodnja, od 2005;RS22;Region Južne i Istočne Srbije;201200;2012;Ječam;1;požnjevena površina, ha / rodna površina, ha;19217;A;Konačan podatak;F;Slobodan za objavlјivanje;;
130102IND01;Biljna prizvodnja, od 2005;RS22;Region Južne i Istočne Srbije;201200;2012;Ječam;2;ukupan prinos, t;50490;A;Konačan podatak;F;Slobodan za objavlјivanje;;
130102IND01;Biljna prizvodnja, od 2005;RS22;Region Južne i Istočne Srbije;201200;2012;Ječam;3;prinos, t/ha;2.6;A;Konačan podatak;F;Slobodan za objavlјivanje;;
130102IND01;Biljna prizvodnja, od 2005;RS22;Region Južne i Istočne Srbije;201200;2012;Kukuruz;1;požnjevena površina, ha / rodna površina, ha;164010;A;Konačan podatak;F;Slobodan za objavlјivanje;;
130102IND01;Biljna prizvodnja, od 2005;RS22;Region Južne i Istočne Srbije;201200;2012;Kukuruz;2;ukupan prinos, t;511875;A;Konačan podatak;F;Slobodan za objavlјivanje;;
130102IND01;Biljna prizvodnja, od 2005;RS22;Region Južne i Istočne Srbije;201200;2012;Kukuruz;3;prinos, t/ha;3.1;A;Konačan podatak;F;Slobodan za objavlјivanje;;
130102IND01;Biljna prizvodnja, od 2005;RS22;Region Južne i Istočne Srbije;201300;2013;Pšenica;1;požnjevena površina, ha / rodna površina, ha;159506;A;Konačan podatak;F;Slobodan za objavlјivanje;;
130102IND01;Biljna prizvodnja, od 2005;RS22;Region Južne i Istočne Srbije;201300;2013;Pšenica;2;ukupan prinos, t;534698;A;Konačan podatak;F;Slobodan za objavlјivanje;;
130102IND01;Biljna prizvodnja, od 2005;RS22;Region Južne i Istočne Srbije;201300;2013;Pšenica;3;prinos, t/ha;3.4;A;Konačan podatak;F;Slobodan za objavlјivanje;;
130102IND01;Biljna prizvodnja, od 2005;RS22;Region Južne i Istočne Srbije;201300;2013;Ječam;1;požnjevena površina, ha / rodna površina, ha;19240;A;Konačan podatak;F;Slobodan za objavlјivanje;;
130102IND01;Biljna prizvodnja, od 2005;RS22;Region Južne i Istočne Srbije;201300;2013;Ječam;2;ukupan prinos, t;57437;A;Konačan podatak;F;Slobodan za objavlјivanje;;
130102IND01;Biljna prizvodnja, od 2005;RS22;Region Južne i Istočne Srbije;201300;2013;Ječam;3;prinos, t/ha;3.0;A;Konačan podatak;F;Slobodan za objavlјivanje;;
130102IND01;Biljna prizvodnja, od 2005;RS22;Region Južne i Istočne Srbije;201300;2013;Kukuruz;1;požnjevena površina, ha / rodna površina, ha;169683;A;Konačan podatak;F;Slobodan za objavlјivanje;;
130102IND01;Biljna prizvodnja, od 2005;RS22;Region Južne i Istočne Srbije;201300;2013;Kukuruz;2;ukupan prinos, t;700624;A;Konačan podatak;F;Slobodan za objavlјivanje;;
130102IND01;Biljna prizvodnja, od 2005;RS22;Region Južne i Istočne Srbije;201300;2013;Kukuruz;3;prinos, t/ha;4.1;A;Konačan podatak;F;Slobodan za objavlјivanje;;
130102IND01;Biljna prizvodnja, od 2005;RS22;Region Južne i Istočne Srbije;201400;2014;Pšenica;1;požnjevena površina, ha / rodna površina, ha;152715;A;Konačan podatak;F;Slobodan za objavlјivanje;;
130102IND01;Biljna prizvodnja, od 2005;RS22;Region Južne i Istočne Srbije;201400;2014;Pšenica;2;ukupan prinos, t;474463;A;Konačan podatak;F;Slobodan za objavlјivanje;;
130102IND01;Biljna prizvodnja, od 2005;RS22;Region Južne i Istočne Srbije;201400;2014;Pšenica;3;prinos, t/ha;3.1;A;Konačan podatak;F;Slobodan za objavlјivanje;;
130102IND01;Biljna prizvodnja, od 2005;RS22;Region Južne i Istočne Srbije;201400;2014;Ječam;1;požnjevena površina, ha / rodna površina, ha;19274;A;Konačan podatak;F;Slobodan za objavlјivanje;;
130102IND01;Biljna prizvodnja, od 2005;RS22;Region Južne i Istočne Srbije;201400;2014;Ječam;2;ukupan prinos, t;51265;A;Konačan podatak;F;Slobodan za objavlјivanje;;
130102IND01;Biljna prizvodnja, od 2005;RS22;Region Južne i Istočne Srbije;201400;2014;Ječam;3;prinos, t/ha;2.7;A;Konačan podatak;F;Slobodan za objavlјivanje;;
130102IND01;Biljna prizvodnja, od 2005;RS22;Region Južne i Istočne Srbije;201400;2014;Kukuruz;1;požnjevena površina, ha / rodna površina, ha;183105;A;Konačan podatak;F;Slobodan za objavlјivanje;;
130102IND01;Biljna prizvodnja, od 2005;RS22;Region Južne i Istočne Srbije;201400;2014;Kukuruz;2;ukupan prinos, t;949978;A;Konačan podatak;F;Slobodan za objavlјivanje;;
130102IND01;Biljna prizvodnja, od 2005;RS22;Region Južne i Istočne Srbije;201400;2014;Kukuruz;3;prinos, t/ha;5.2;A;Konačan podatak;F;Slobodan za objavlјivanje;;
130102IND01;Biljna prizvodnja, od 2005;RS22;Region Južne i Istočne Srbije;201500;2015;Pšenica;1;požnjevena površina, ha / rodna površina, ha;136387;A;Konačan podatak;F;Slobodan za objavlјivanje;;
130102IND01;Biljna prizvodnja, od 2005;RS22;Region Južne i Istočne Srbije;201500;2015;Pšenica;2;ukupan prinos, t;466789;A;Konačan podatak;F;Slobodan za objavlјivanje;;
130102IND01;Biljna prizvodnja, od 2005;RS22;Region Južne i Istočne Srbije;201500;2015;Pšenica;3;prinos, t/ha;3.4;A;Konačan podatak;F;Slobodan za objavlјivanje;;
130102IND01;Biljna prizvodnja, od 2005;RS22;Region Južne i Istočne Srbije;201500;2015;Ječam;1;požnjevena površina, ha / rodna površina, ha;23088;A;Konačan podatak;F;Slobodan za objavlјivanje;;
130102IND01;Biljna prizvodnja, od 2005;RS22;Region Južne i Istočne Srbije;201500;2015;Ječam;2;ukupan prinos, t;68570;A;Konačan podatak;F;Slobodan za objavlјivanje;;
130102IND01;Biljna prizvodnja, od 2005;RS22;Region Južne i Istočne Srbije;201500;2015;Ječam;3;prinos, t/ha;3.0;A;Konačan podatak;F;Slobodan za objavlјivanje;;
130102IND01;Biljna prizvodnja, od 2005;RS22;Region Južne i Istočne Srbije;201500;2015;Kukuruz;1;požnjevena površina, ha / rodna površina, ha;179551;A;Konačan podatak;F;Slobodan za objavlјivanje;;
130102IND01;Biljna prizvodnja, od 2005;RS22;Region Južne i Istočne Srbije;201500;2015;Kukuruz;2;ukupan prinos, t;789384;A;Konačan podatak;F;Slobodan za objavlјivanje;;
130102IND01;Biljna prizvodnja, od 2005;RS22;Region Južne i Istočne Srbije;201500;2015;Kukuruz;3;prinos, t/ha;4.4;A;Konačan podatak;F;Slobodan za objavlјivanje;;
130102IND01;Biljna prizvodnja, od 2005;RS22;Region Južne i Istočne Srbije;201600;2016;Pšenica;1;požnjevena površina, ha / rodna površina, ha;137674;A;Konačan podatak;F;Slobodan za objavlјivanje;;
130102IND01;Biljna prizvodnja, od 2005;RS22;Region Južne i Istočne Srbije;201600;2016;Pšenica;2;ukupan prinos, t;521425;A;Konačan podatak;F;Slobodan za objavlјivanje;;
130102IND01;Biljna prizvodnja, od 2005;RS22;Region Južne i Istočne Srbije;201600;2016;Pšenica;3;prinos, t/ha;3.8;A;Konačan podatak;F;Slobodan za objavlјivanje;;
130102IND01;Biljna prizvodnja, od 2005;RS22;Region Južne i Istočne Srbije;201600;2016;Ječam;1;požnjevena površina, ha / rodna površina, ha;22636;A;Konačan podatak;F;Slobodan za objavlјivanje;;
130102IND01;Biljna prizvodnja, od 2005;RS22;Region Južne i Istočne Srbije;201600;2016;Ječam;2;ukupan prinos, t;83572;A;Konačan podatak;F;Slobodan za objavlјivanje;;
130102IND01;Biljna prizvodnja, od 2005;RS22;Region Južne i Istočne Srbije;201600;2016;Ječam;3;prinos, t/ha;3.7;A;Konačan podatak;F;Slobodan za objavlјivanje;;
130102IND01;Biljna prizvodnja, od 2005;RS22;Region Južne i Istočne Srbije;201600;2016;Kukuruz;1;požnjevena površina, ha / rodna površina, ha;180568;A;Konačan podatak;F;Slobodan za objavlјivanje;;
130102IND01;Biljna prizvodnja, od 2005;RS22;Region Južne i Istočne Srbije;201600;2016;Kukuruz;2;ukupan prinos, t;993387;A;Konačan podatak;F;Slobodan za objavlјivanje;;
130102IND01;Biljna prizvodnja, od 2005;RS22;Region Južne i Istočne Srbije;201600;2016;Kukuruz;3;prinos, t/ha;5.5;A;Konačan podatak;F;Slobodan za objavlјivanje;;
130102IND01;Biljna prizvodnja, od 2005;RS22;Region Južne i Istočne Srbije;201700;2017;Pšenica;1;požnjevena površina, ha / rodna površina, ha;129311;A;Konačan podatak;F;Slobodan za objavlјivanje;;
130102IND01;Biljna prizvodnja, od 2005;RS22;Region Južne i Istočne Srbije;201700;2017;Pšenica;2;ukupan prinos, t;410984;A;Konačan podatak;F;Slobodan za objavlјivanje;;
130102IND01;Biljna prizvodnja, od 2005;RS22;Region Južne i Istočne Srbije;201700;2017;Pšenica;3;prinos, t/ha;3.2;A;Konačan podatak;F;Slobodan za objavlјivanje;;
130102IND01;Biljna prizvodnja, od 2005;RS22;Region Južne i Istočne Srbije;201700;2017;Ječam;1;požnjevena površina, ha / rodna površina, ha;19918;A;Konačan podatak;F;Slobodan za objavlјivanje;;
130102IND01;Biljna prizvodnja, od 2005;RS22;Region Južne i Istočne Srbije;201700;2017;Ječam;2;ukupan prinos, t;52962;A;Konačan podatak;F;Slobodan za objavlјivanje;;
130102IND01;Biljna prizvodnja, od 2005;RS22;Region Južne i Istočne Srbije;201700;2017;Ječam;3;prinos, t/ha;2.7;A;Konačan podatak;F;Slobodan za objavlјivanje;;
130102IND01;Biljna prizvodnja, od 2005;RS22;Region Južne i Istočne Srbije;201700;2017;Kukuruz;1;požnjevena površina, ha / rodna površina, ha;180026;A;Konačan podatak;F;Slobodan za objavlјivanje;;
130102IND01;Biljna prizvodnja, od 2005;RS22;Region Južne i Istočne Srbije;201700;2017;Kukuruz;2;ukupan prinos, t;499430;A;Konačan podatak;F;Slobodan za objavlјivanje;;
130102IND01;Biljna prizvodnja, od 2005;RS22;Region Južne i Istočne Srbije;201700;2017;Kukuruz;3;prinos, t/ha;2.8;A;Konačan podatak;F;Slobodan za objavlјivanje;;
130102IND01;Biljna prizvodnja, od 2005;RS22;Region Južne i Istočne Srbije;201800;2018;Pšenica;1;požnjevena površina, ha / rodna površina, ha;152102;A;Konačan podatak;F;Slobodan za objavlјivanje;;
130102IND01;Biljna prizvodnja, od 2005;RS22;Region Južne i Istočne Srbije;201800;2018;Pšenica;2;ukupan prinos, t;505423;A;Konačan podatak;F;Slobodan za objavlјivanje;;
130102IND01;Biljna prizvodnja, od 2005;RS22;Region Južne i Istočne Srbije;201800;2018;Pšenica;3;prinos, t/ha;3.3;A;Konačan podatak;F;Slobodan za objavlјivanje;;
130102IND01;Biljna prizvodnja, od 2005;RS22;Region Južne i Istočne Srbije;201800;2018;Ječam;1;požnjevena površina, ha / rodna površina, ha;22262;A;Konačan podatak;F;Slobodan za objavlјivanje;;
130102IND01;Biljna prizvodnja, od 2005;RS22;Region Južne i Istočne Srbije;201800;2018;Ječam;2;ukupan prinos, t;66130;A;Konačan podatak;F;Slobodan za objavlјivanje;;
130102IND01;Biljna prizvodnja, od 2005;RS22;Region Južne i Istočne Srbije;201800;2018;Ječam;3;prinos, t/ha;3.0;A;Konačan podatak;F;Slobodan za objavlјivanje;;
130102IND01;Biljna prizvodnja, od 2005;RS22;Region Južne i Istočne Srbije;201800;2018;Kukuruz;1;požnjevena površina, ha / rodna površina, ha;161418;A;Konačan podatak;F;Slobodan za objavlјivanje;;
130102IND01;Biljna prizvodnja, od 2005;RS22;Region Južne i Istočne Srbije;201800;2018;Kukuruz;2;ukupan prinos, t;882738;A;Konačan podatak;F;Slobodan za objavlјivanje;;
130102IND01;Biljna prizvodnja, od 2005;RS22;Region Južne i Istočne Srbije;201800;2018;Kukuruz;3;prinos, t/ha;5.5;A;Konačan podatak;F;Slobodan za objavlјivanje;;
130102IND01;Biljna prizvodnja, od 2005;RS22;Region Južne i Istočne Srbije;201900;2019;Pšenica;1;požnjevena površina, ha / rodna površina, ha;127099;A;Konačan podatak;F;Slobodan za objavlјivanje;;
130102IND01;Biljna prizvodnja, od 2005;RS22;Region Južne i Istočne Srbije;201900;2019;Pšenica;2;ukupan prinos, t;441028;A;Konačan podatak;F;Slobodan za objavlјivanje;;
130102IND01;Biljna prizvodnja, od 2005;RS22;Region Južne i Istočne Srbije;201900;2019;Pšenica;3;prinos, t/ha;3.5;A;Konačan podatak;F;Slobodan za objavlјivanje;;
130102IND01;Biljna prizvodnja, od 2005;RS22;Region Južne i Istočne Srbije;201900;2019;Ječam;1;požnjevena površina, ha / rodna površina, ha;21084;A;Konačan podatak;F;Slobodan za objavlјivanje;;
130102IND01;Biljna prizvodnja, od 2005;RS22;Region Južne i Istočne Srbije;201900;2019;Ječam;2;ukupan prinos, t;58848;A;Konačan podatak;F;Slobodan za objavlјivanje;;
130102IND01;Biljna prizvodnja, od 2005;RS22;Region Južne i Istočne Srbije;201900;2019;Ječam;3;prinos, t/ha;2.8;A;Konačan podatak;F;Slobodan za objavlјivanje;;
130102IND01;Biljna prizvodnja, od 2005;RS22;Region Južne i Istočne Srbije;201900;2019;Kukuruz;1;požnjevena površina, ha / rodna površina, ha;175722;A;Konačan podatak;F;Slobodan za objavlјivanje;;
130102IND01;Biljna prizvodnja, od 2005;RS22;Region Južne i Istočne Srbije;201900;2019;Kukuruz;2;ukupan prinos, t;1040401;A;Konačan podatak;F;Slobodan za objavlјivanje;;
130102IND01;Biljna prizvodnja, od 2005;RS22;Region Južne i Istočne Srbije;201900;2019;Kukuruz;3;prinos, t/ha;5.9;A;Konačan podatak;F;Slobodan za objavlјivanje;;
130102IND01;Biljna prizvodnja, od 2005;RS22;Region Južne i Istočne Srbije;202000;2020;Pšenica;1;požnjevena površina, ha / rodna površina, ha;112007;A;Konačan podatak;F;Slobodan za objavlјivanje;;
130102IND01;Biljna prizvodnja, od 2005;RS22;Region Južne i Istočne Srbije;202000;2020;Pšenica;2;ukupan prinos, t;493221;A;Konačan podatak;F;Slobodan za objavlјivanje;;
130102IND01;Biljna prizvodnja, od 2005;RS22;Region Južne i Istočne Srbije;202000;2020;Pšenica;3;prinos, t/ha;4.4;A;Konačan podatak;F;Slobodan za objavlјivanje;;
130102IND01;Biljna prizvodnja, od 2005;RS22;Region Južne i Istočne Srbije;202000;2020;Ječam;1;požnjevena površina, ha / rodna površina, ha;25082;A;Konačan podatak;F;Slobodan za objavlјivanje;;
130102IND01;Biljna prizvodnja, od 2005;RS22;Region Južne i Istočne Srbije;202000;2020;Ječam;2;ukupan prinos, t;103732;A;Konačan podatak;F;Slobodan za objavlјivanje;;
130102IND01;Biljna prizvodnja, od 2005;RS22;Region Južne i Istočne Srbije;202000;2020;Ječam;3;prinos, t/ha;4.1;A;Konačan podatak;F;Slobodan za objavlјivanje;;
130102IND01;Biljna prizvodnja, od 2005;RS22;Region Južne i Istočne Srbije;202000;2020;Kukuruz;1;požnjevena površina, ha / rodna površina, ha;172320;A;Konačan podatak;F;Slobodan za objavlјivanje;;
130102IND01;Biljna prizvodnja, od 2005;RS22;Region Južne i Istočne Srbije;202000;2020;Kukuruz;2;ukupan prinos, t;1215222;A;Konačan podatak;F;Slobodan za objavlјivanje;;
130102IND01;Biljna prizvodnja, od 2005;RS22;Region Južne i Istočne Srbije;202000;2020;Kukuruz;3;prinos, t/ha;7.1;A;Konačan podatak;F;Slobodan za objavlјivanje;;
130102IND01;Biljna prizvodnja, od 2005;RS22;Region Južne i Istočne Srbije;202100;2021;Pšenica;1;požnjevena površina, ha / rodna površina, ha;118309;A;Konačan podatak;F;Slobodan za objavlјivanje;;
130102IND01;Biljna prizvodnja, od 2005;RS22;Region Južne i Istočne Srbije;202100;2021;Pšenica;2;ukupan prinos, t;570747;A;Konačan podatak;F;Slobodan za objavlјivanje;;
130102IND01;Biljna prizvodnja, od 2005;RS22;Region Južne i Istočne Srbije;202100;2021;Pšenica;3;prinos, t/ha;4.8;A;Konačan podatak;F;Slobodan za objavlјivanje;;
130102IND01;Biljna prizvodnja, od 2005;RS22;Region Južne i Istočne Srbije;202100;2021;Ječam;1;požnjevena površina, ha / rodna površina, ha;22746;A;Konačan podatak;F;Slobodan za objavlјivanje;;
130102IND01;Biljna prizvodnja, od 2005;RS22;Region Južne i Istočne Srbije;202100;2021;Ječam;2;ukupan prinos, t;106033;A;Konačan podatak;F;Slobodan za objavlјivanje;;
130102IND01;Biljna prizvodnja, od 2005;RS22;Region Južne i Istočne Srbije;202100;2021;Ječam;3;prinos, t/ha;4.7;A;Konačan podatak;F;Slobodan za objavlјivanje;;
130102IND01;Biljna prizvodnja, od 2005;RS22;Region Južne i Istočne Srbije;202100;2021;Kukuruz;1;požnjevena površina, ha / rodna površina, ha;182247;A;Konačan podatak;F;Slobodan za objavlјivanje;;
130102IND01;Biljna prizvodnja, od 2005;RS22;Region Južne i Istočne Srbije;202100;2021;Kukuruz;2;ukupan prinos, t;924338;A;Konačan podatak;F;Slobodan za objavlјivanje;;
130102IND01;Biljna prizvodnja, od 2005;RS22;Region Južne i Istočne Srbije;202100;2021;Kukuruz;3;prinos, t/ha;5.1;A;Konačan podatak;F;Slobodan za objavlјivanje;;
130102IND01;Biljna prizvodnja, od 2005;RS22;Region Južne i Istočne Srbije;202200;2022;Pšenica;1;požnjevena površina, ha / rodna površina, ha;129613;A;Konačan podatak;F;Slobodan za objavlјivanje;;
130102IND01;Biljna prizvodnja, od 2005;RS22;Region Južne i Istočne Srbije;202200;2022;Pšenica;2;ukupan prinos, t;521305;A;Konačan podatak;F;Slobodan za objavlјivanje;;
130102IND01;Biljna prizvodnja, od 2005;RS22;Region Južne i Istočne Srbije;202200;2022;Pšenica;3;prinos, t/ha;4.0;A;Konačan podatak;F;Slobodan za objavlјivanje;;
130102IND01;Biljna prizvodnja, od 2005;RS22;Region Južne i Istočne Srbije;202200;2022;Ječam;1;požnjevena površina, ha / rodna površina, ha;23685;A;Konačan podatak;F;Slobodan za objavlјivanje;;
130102IND01;Biljna prizvodnja, od 2005;RS22;Region Južne i Istočne Srbije;202200;2022;Ječam;2;ukupan prinos, t;101238;A;Konačan podatak;F;Slobodan za objavlјivanje;;
130102IND01;Biljna prizvodnja, od 2005;RS22;Region Južne i Istočne Srbije;202200;2022;Ječam;3;prinos, t/ha;4.3;A;Konačan podatak;F;Slobodan za objavlјivanje;;
130102IND01;Biljna prizvodnja, od 2005;RS22;Region Južne i Istočne Srbije;202200;2022;Kukuruz;1;požnjevena površina, ha / rodna površina, ha;171984;A;Konačan podatak;F;Slobodan za objavlјivanje;;
130102IND01;Biljna prizvodnja, od 2005;RS22;Region Južne i Istočne Srbije;202200;2022;Kukuruz;2;ukupan prinos, t;768649;A;Konačan podatak;F;Slobodan za objavlјivanje;;
130102IND01;Biljna prizvodnja, od 2005;RS22;Region Južne i Istočne Srbije;202200;2022;Kukuruz;3;prinos, t/ha;4.5;A;Konačan podatak;F;Slobodan za objavlјivanje;;
130102IND01;Biljna prizvodnja, od 2005;RS22;Region Južne i Istočne Srbije;202300;2023;Pšenica;1;požnjevena površina, ha / rodna površina, ha;138663;A;Konačan podatak;F;Slobodan za objavlјivanje;;
130102IND01;Biljna prizvodnja, od 2005;RS22;Region Južne i Istočne Srbije;202300;2023;Pšenica;2;ukupan prinos, t;541618;A;Konačan podatak;F;Slobodan za objavlјivanje;;
130102IND01;Biljna prizvodnja, od 2005;RS22;Region Južne i Istočne Srbije;202300;2023;Pšenica;3;prinos, t/ha;3.9;A;Konačan podatak;F;Slobodan za objavlјivanje;;
130102IND01;Biljna prizvodnja, od 2005;RS22;Region Južne i Istočne Srbije;202300;2023;Ječam;1;požnjevena površina, ha / rodna površina, ha;28771;A;Konačan podatak;F;Slobodan za objavlјivanje;;
130102IND01;Biljna prizvodnja, od 2005;RS22;Region Južne i Istočne Srbije;202300;2023;Ječam;2;ukupan prinos, t;128500;A;Konačan podatak;F;Slobodan za objavlјivanje;;
130102IND01;Biljna prizvodnja, od 2005;RS22;Region Južne i Istočne Srbije;202300;2023;Ječam;3;prinos, t/ha;4.5;A;Konačan podatak;F;Slobodan za objavlјivanje;;
130102IND01;Biljna prizvodnja, od 2005;RS22;Region Južne i Istočne Srbije;202300;2023;Kukuruz;1;požnjevena površina, ha / rodna površina, ha;174428;A;Konačan podatak;F;Slobodan za objavlјivanje;;
130102IND01;Biljna prizvodnja, od 2005;RS22;Region Južne i Istočne Srbije;202300;2023;Kukuruz;2;ukupan prinos, t;1071511;A;Konačan podatak;F;Slobodan za objavlјivanje;;
130102IND01;Biljna prizvodnja, od 2005;RS22;Region Južne i Istočne Srbije;202300;2023;Kukuruz;3;prinos, t/ha;6.1;A;Konačan podatak;F;Slobodan za objavlјivanje;;
130102IND01;Biljna prizvodnja, od 2005;RS22;Region Južne i Istočne Srbije;202400;2024;Pšenica;1;požnjevena površina, ha / rodna površina, ha;97995;A;Konačan podatak;F;Slobodan za objavlјivanje;;
130102IND01;Biljna prizvodnja, od 2005;RS22;Region Južne i Istočne Srbije;202400;2024;Pšenica;2;ukupan prinos, t;399595;A;Konačan podatak;F;Slobodan za objavlјivanje;;
130102IND01;Biljna prizvodnja, od 2005;RS22;Region Južne i Istočne Srbije;202400;2024;Pšenica;3;prinos, t/ha;4.1;A;Konačan podatak;F;Slobodan za objavlјivanje;;
130102IND01;Biljna prizvodnja, od 2005;RS22;Region Južne i Istočne Srbije;202400;2024;Ječam;1;požnjevena površina, ha / rodna površina, ha;25292;A;Konačan podatak;F;Slobodan za objavlјivanje;;
130102IND01;Biljna prizvodnja, od 2005;RS22;Region Južne i Istočne Srbije;202400;2024;Ječam;2;ukupan prinos, t;119373;A;Konačan podatak;F;Slobodan za objavlјivanje;;
130102IND01;Biljna prizvodnja, od 2005;RS22;Region Južne i Istočne Srbije;202400;2024;Ječam;3;prinos, t/ha;4.7;A;Konačan podatak;F;Slobodan za objavlјivanje;;
130102IND01;Biljna prizvodnja, od 2005;RS22;Region Južne i Istočne Srbije;202400;2024;Kukuruz;1;požnjevena površina, ha / rodna površina, ha;186293;A;Konačan podatak;F;Slobodan za objavlјivanje;;
130102IND01;Biljna prizvodnja, od 2005;RS22;Region Južne i Istočne Srbije;202400;2024;Kukuruz;2;ukupan prinos, t;453762;A;Konačan podatak;F;Slobodan za objavlјivanje;;
130102IND01;Biljna prizvodnja, od 2005;RS22;Region Južne i Istočne Srbije;202400;2024;Kukuruz;3;prinos, t/ha;2.4;A;Konačan podatak;F;Slobodan za objavlјivanje;;
130102IND01;Biljna prizvodnja, od 2005;RS22;Region Južne i Istočne Srbije;202500;2025;Pšenica;1;požnjevena površina, ha / rodna površina, ha;108039;A;Konačan podatak;F;Slobodan za objavlјivanje;;
130102IND01;Biljna prizvodnja, od 2005;RS22;Region Južne i Istočne Srbije;202500;2025;Pšenica;2;ukupan prinos, t;540077;A;Konačan podatak;F;Slobodan za objavlјivanje;;
130102IND01;Biljna prizvodnja, od 2005;RS22;Region Južne i Istočne Srbije;202500;2025;Pšenica;3;prinos, t/ha;5.0;A;Konačan podatak;F;Slobodan za objavlјivanje;;
130102IND01;Biljna prizvodnja, od 2005;RS22;Region Južne i Istočne Srbije;202500;2025;Ječam;1;požnjevena površina, ha / rodna površina, ha;25690;A;Konačan podatak;F;Slobodan za objavlјivanje;;
130102IND01;Biljna prizvodnja, od 2005;RS22;Region Južne i Istočne Srbije;202500;2025;Ječam;2;ukupan prinos, t;126106;A;Konačan podatak;F;Slobodan za objavlјivanje;;
130102IND01;Biljna prizvodnja, od 2005;RS22;Region Južne i Istočne Srbije;202500;2025;Ječam;3;prinos, t/ha;4.9;A;Konačan podatak;F;Slobodan za objavlјivanje;;
130102IND01;Biljna prizvodnja, od 2005;RS22;Region Južne i Istočne Srbije;202500;2025;Kukuruz;1;požnjevena površina, ha / rodna površina, ha;186754;A;Konačan podatak;F;Slobodan za objavlјivanje;;
130102IND01;Biljna prizvodnja, od 2005;RS22;Region Južne i Istočne Srbije;202500;2025;Kukuruz;2;ukupan prinos, t;398328;A;Konačan podatak;F;Slobodan za objavlјivanje;;
130102IND01;Biljna prizvodnja, od 2005;RS22;Region Južne i Istočne Srbije;202500;2025;Kukuruz;3;prinos, t/ha;2.1;A;Konačan podatak;F;Slobodan za objavlјivanje;;
